Workbook

Sheet CLP_Epidemiology
B1: Country | C1: Year | D1: Birth Population | E1: Total Population | F1: Incidence Rate (per100k), 2021 | G1: Number of Cases per Total Population | H1: Incidence Lower | I1: Number of Cases per Total Population (Lower) | J1: Incidence Upper | K1: Number of Cases per Total Population (Upper) | L1: Adjusted Incidence per Birth Population | M1: Adjusted Incidence Rate per Birth Population (Lower) | N1: Adjusted Incidence Rate per Birth Population (Upper) | O1: DALY Rate (per 100k), 2021 | P1: Number of DALY's per 100k | Q1: DALY Lower | R1: Number of DALY's per 100k (Lower) | S1: DALY Upper | T1: Number of DALY's per 100k (Upper) | U1: Adjusted Incidence of DALYs per Birth Population | V1: Adjusted Incidence of DALYs per Birth Population (Lower) | W1: Adjusted Incidence of DALYs per Birth Population (Upper | X1: Notes
A2: a | B2: Afghanistan | C2: 2021 | D2: =674131.5+704952.5 -> 1379084 | E2: 40000412 | F2: 6.21 | G2: =(F2/100000)*E2 -> 2484.0256 | H2: 4.66 | I2: =(H2/100000)*E2 -> 1864.0192 | J2: 8.25 | K2: =(J2/100000)*E2 -> 3300.034 | L2: =(G2/D2)*100000 -> 180.12141 | M2: =(I2/D2)*100000 -> 135.16357 | N2: =(K2/D2)*100000 -> 239.29173 | O2: 37.21 | P2: =(O2/100000)*E2 -> 14884.153 | Q2: 7.14 | R2: =(Q2/100000)*E2 -> 2856.0294 | S2: 186.55 | T2: =(S2/100000)*E2 -> 74620.769 | U2: =(P2/D2)*100000 -> 1079.2782 | V2: =(R2/D2)*100000 -> 207.09612 | W2: =(T2/D2)*100000 -> 5410.8936
A3: b | B3: Afghanistan | C3: 2030 | D3: 1521091 | E3: 50039402 | F3: 6.21 | G3: =(F3/100000)*E3 -> 3107.4469 | H3: 4.66 | I3: =(H3/100000)*E3 -> 2331.8361 | J3: 8.25 | K3: =(J3/100000)*E3 -> 4128.2507 | L3: =(L2/100000)*D3 -> 2739.8106 | M3: =(I3*D3)/100000 -> 35469.35 | N3: =(K3*D3)/100000 -> 62794.449 | O3: 37.21 | Q3: 7.14 | S3: 186.55 | U3: =(O3*D3)/100000 -> 565.99796 | V3: =(Q3*D3)/100000 -> 108.6059 | W3: =(S3*D3)/100000 -> 2837.5953 | X3: Rates per 100,000 | Z3: =ROUND(F3, 0) & " (" & ROUND(H3, 0) & "-" & ROUND(J3, 0) & ")" -> 6 (5-8) | AA3: =ROUND(L3, 0) & " (" & ROUND(M3, 0) & "-" & ROUND(N3, 0) & ")" -> 2740 (35469-62794) | AB3: =ROUND(O3, 0) & " (" & ROUND(Q3, 0) & "-" & ROUND(S3, 0) & ")" -> 37 (7-187) | AC3: =ROUND(U3, 0) & " (" & ROUND(V3, 0) & "-" & ROUND(W3, 0) & ")" -> 566 (109-2838)
A4: c | B4: Afghanistan | C4: 2040 | D4: 1653659 | E4: 63347870 | F4: 6.21 | G4: =(F4/100000)*E4 -> 3933.9027 | H4: 4.66 | I4: =(H4/100000)*E4 -> 2952.0107 | J4: 8.25 | K4: =(J4/100000)*E4 -> 5226.1993 | L4: =(G4/D4)*100000 -> 237.89081 | M4: =(I4*D4)/100000 -> 48816.191 | N4: =(K4*D4)/100000 -> 86423.515 | O4: 37.21 | Q4: 7.14 | S4: 186.55 | U4: =(O4*D4)/100000 -> 615.32651 | V4: =(Q4*D4)/100000 -> 118.07125 | W4: =(S4*D4)/100000 -> 3084.9009 | X4: Using Rate Metric | Z4: =ROUND(F4, 0) & " (" & ROUND(H4, 0) & "-" & ROUND(J4, 0) & ")" -> 6 (5-8) | AA4: =ROUND(L4, 0) & " (" & ROUND(M4, 0) & "-" & ROUND(N4, 0) & ")" -> 238 (48816-86424) | AB4: =ROUND(O4, 0) & " (" & ROUND(Q4, 0) & "-" & ROUND(S4, 0) & ")" -> 37 (7-187) | AC4: =ROUND(U4, 0) & " (" & ROUND(V4, 0) & "-" & ROUND(W4, 0) & ")" -> 615 (118-3085)
A5: d | B5: Afghanistan | C5: 2050 | D5: 1771185 | E5: 76885135 | F5: 6.21 | G5: =(F5/100000)*E5 -> 4774.5669 | H5: 4.66 | I5: =(H5/100000)*E5 -> 3582.8473 | J5: 8.25 | K5: =(J5/100000)*E5 -> 6343.0236 | L5: =(G5/D5)*100000 -> 269.56907 | M5: =(I5*D5)/100000 -> 63458.854 | N5: =(K5*D5)/100000 -> 112346.68 | O5: 37.21 | P5: =(O5/100000)*E5 -> 28608.959 | Q5: 7.14 | R5: =(Q5/100000)*E5 -> 5489.5986 | S5: 186.55 | T5: =(S5/100000)*E5 -> 143429.22 | U5: =(O5*D5)/100000 -> 659.05794 | V5: =(Q5*D5)/100000 -> 126.46261 | W5: =(S5*D5)/100000 -> 3304.1456
A6: a | B6: Algeria | C6: 2021 | D6: =468124.5+488067 -> 956191.5 | E6: 44761099 | F6: 3 | G6: =(F6/100000)*E6 -> 1342.833 | H6: 2.24 | I6: =(H6/100000)*E6 -> 1002.6486 | J6: 4.04 | K6: =(J6/100000)*E6 -> 1808.3484 | L6: =(G6/D6)*100000 -> 140.43557 | M6: =(I6/D6)*100000 -> 104.85856 | N6: =(K6/D6)*100000 -> 189.1199 | O6: 7.31 | P6: =(O6/100000)*E6 -> 3272.0363 | Q6: 5.04 | R6: =(Q6/100000)*E6 -> 2255.9594 | S6: 10.72 | T6: =(S6/100000)*E6 -> 4798.3898 | U6: =(P6/D6)*100000 -> 342.19467 | V6: =(R6/D6)*100000 -> 235.93176 | W6: =(T6/D6)*100000 -> 501.8231
A7: b | B7: Algeria | C7: 2030 | D7: =374961+391323 -> 766284 | E7: 50154166 | F7: 3 | G7: =(F7/100000)*E7 -> 1504.625 | H7: 2.24 | I7: =(H7/100000)*E7 -> 1123.4533 | J7: 4.04 | K7: =(J7/100000)*E7 -> 2026.2283 | L7: =(G7/D7)*100000 -> 196.35344 | M7: =(I7*D7)/100000 -> 8608.843 | N7: =(K7*D7)/100000 -> 15526.663 | O7: 7.31 | Q7: 5.04 | S7: 10.72 | U7: =(O7*D7)/100000 -> 56.01536 | V7: =(Q7*D7)/100000 -> 38.620714 | W7: =(S7*D7)/100000 -> 82.145645 | Z7: =ROUND(F7, 0) & " (" & ROUND(H7, 0) & "-" & ROUND(J7, 0) & ")" -> 3 (2-4) | AA7: =ROUND(L7, 0) & " (" & ROUND(M7, 0) & "-" & ROUND(N7, 0) & ")" -> 196 (8609-15527) | AB7: =ROUND(O7, 0) & " (" & ROUND(Q7, 0) & "-" & ROUND(S7, 0) & ")" -> 7 (5-11) | AC7: =ROUND(U7, 0) & " (" & ROUND(V7, 0) & "-" & ROUND(W7, 0) & ")" -> 56 (39-82)
A8: c | B8: Algeria | C8: 2040 | D8: =401278+419330 -> 820608 | E8: 54873476 | F8: 3 | G8: =(F8/100000)*E8 -> 1646.2043 | H8: 2.24 | I8: =(H8/100000)*E8 -> 1229.1659 | J8: 4.04 | K8: =(J8/100000)*E8 -> 2216.8884 | L8: =(G8/D8)*100000 -> 200.60788 | M8: =(I8*D8)/100000 -> 10086.633 | N8: =(K8*D8)/100000 -> 18191.964 | O8: 7.31 | Q8: 5.04 | S8: 10.72 | U8: =(O8*D8)/100000 -> 59.986445 | V8: =(Q8*D8)/100000 -> 41.358643 | W8: =(S8*D8)/100000 -> 87.969178 | Z8: =ROUND(F8, 0) & " (" & ROUND(H8, 0) & "-" & ROUND(J8, 0) & ")" -> 3 (2-4) | AA8: =ROUND(L8, 0) & " (" & ROUND(M8, 0) & "-" & ROUND(N8, 0) & ")" -> 201 (10087-18192) | AB8: =ROUND(O8, 0) & " (" & ROUND(Q8, 0) & "-" & ROUND(S8, 0) & ")" -> 7 (5-11) | AC8: =ROUND(U8, 0) & " (" & ROUND(V8, 0) & "-" & ROUND(W8, 0) & ")" -> 60 (41-88)
A9: d | B9: Algeria | C9: 2050 | D9: =419100+438415 -> 857515 | E9: 59565554 | F9: 3 | G9: =(F9/100000)*E9 -> 1786.9666 | H9: 2.24 | I9: =(H9/100000)*E9 -> 1334.2684 | J9: 4.04 | K9: =(J9/100000)*E9 -> 2406.4484 | L9: =(G9/D9)*100000 -> 208.38896 | M9: =(I9*D9)/100000 -> 11441.552 | N9: =(K9*D9)/100000 -> 20635.656 | O9: 7.31 | P9: =(O9/100000)*E9 -> 4354.242 | Q9: 5.04 | R9: =(Q9/100000)*E9 -> 3002.1039 | S9: 10.72 | T9: =(S9/100000)*E9 -> 6385.4274 | U9: =(O9*D9)/100000 -> 62.684346 | V9: =(Q9*D9)/100000 -> 43.218756 | W9: =(S9*D9)/100000 -> 91.925608
A10: a | B10: Bahrain | C10: 2021 | D10: =9267.5+9565.5 -> 18833 | E10: 1504365 | F10: 1.67 | G10: =(F10/100000)*E10 -> 25.122895 | H10: 1.25 | I10: =(H10/100000)*E10 -> 18.804562 | J10: 2.24 | K10: =(J10/100000)*E10 -> 33.697776 | L10: =(G10/D10)*100000 -> 133.39827 | M10: =(I10/D10)*100000 -> 99.849002 | N10: =(K10/D10)*100000 -> 178.92941 | O10: 5.52 | P10: =(O10/100000)*E10 -> 83.040948 | Q10: 3.42 | R10: =(Q10/100000)*E10 -> 51.449283 | S10: 8.22 | T10: =(S10/100000)*E10 -> 123.6588 | U10: =(P10/D10)*100000 -> 440.93319 | V10: =(R10/D10)*100000 -> 273.18687 | W10: =(T10/D10)*100000 -> 656.60704
A11: b | B11: Bahrain | C11: 2030 | D11: =10331+10695 -> 21026 | E11: 1733610 | F11: 1.67 | G11: =(F11/100000)*E11 -> 28.951287 | H11: 1.25 | I11: =(H11/100000)*E11 -> 21.670125 | J11: 2.24 | K11: =(J11/100000)*E11 -> 38.832864 | L11: =(G11/D11)*100000 -> 137.69279 | M11: =(I11*D11)/100000 -> 4.5563605 | N11: =(K11*D11)/100000 -> 8.164998 | O11: 5.52 | Q11: 3.42 | S11: 8.22 | U11: =(O11*D11)/100000 -> 1.1606352 | V11: =(Q11*D11)/100000 -> 0.7190892 | W11: =(S11*D11)/100000 -> 1.7283372 | Z11: =ROUND(F11, 0) & " (" & ROUND(H11, 0) & "-" & ROUND(J11, 0) & ")" -> 2 (1-2) | AA11: =ROUND(L11, 0) & " (" & ROUND(M11, 0) & "-" & ROUND(N11, 0) & ")" -> 138 (5-8) | AB11: =ROUND(O11, 0) & " (" & ROUND(Q11, 0) & "-" & ROUND(S11, 0) & ")" -> 6 (3-8) | AC11: =ROUND(U11, 0) & " (" & ROUND(V11, 0) & "-" & ROUND(W11, 0) & ")" -> 1 (1-2)
A12: c | B12: Bahrain | C12: 2040 | D12: =11484+11875 -> 23359 | E12: 1914988 | F12: 1.67 | G12: =(F12/100000)*E12 -> 31.9803 | H12: 1.25 | I12: =(H12/100000)*E12 -> 23.93735 | J12: 2.24 | K12: =(J12/100000)*E12 -> 42.895731 | L12: =(G12/D12)*100000 -> 136.90783 | M12: =(I12*D12)/100000 -> 5.5915256 | N12: =(K12*D12)/100000 -> 10.020014 | O12: 5.52 | Q12: 3.42 | S12: 8.22 | U12: =(O12*D12)/100000 -> 1.2894168 | V12: =(Q12*D12)/100000 -> 0.7988778 | W12: =(S12*D12)/100000 -> 1.9201098 | Z12: =ROUND(F12, 0) & " (" & ROUND(H12, 0) & "-" & ROUND(J12, 0) & ")" -> 2 (1-2) | AA12: =ROUND(L12, 0) & " (" & ROUND(M12, 0) & "-" & ROUND(N12, 0) & ")" -> 137 (6-10) | AB12: =ROUND(O12, 0) & " (" & ROUND(Q12, 0) & "-" & ROUND(S12, 0) & ")" -> 6 (3-8) | AC12: =ROUND(U12, 0) & " (" & ROUND(V12, 0) & "-" & ROUND(W12, 0) & ")" -> 1 (1-2)
A13: d | B13: Bahrain | C13: 2050 | D13: =11965+12358 -> 24323 | E13: 2098576 | F13: 1.67 | G13: =(F13/100000)*E13 -> 35.046219 | H13: 1.25 | I13: =(H13/100000)*E13 -> 26.2322 | J13: 2.24 | K13: =(J13/100000)*E13 -> 47.008102 | L13: =(G13/D13)*100000 -> 144.08675 | M13: =(I13*D13)/100000 -> 6.380458 | N13: =(K13*D13)/100000 -> 11.433781 | O13: 5.52 | P13: =(O13/100000)*E13 -> 115.8414 | Q13: 3.42 | R13: =(Q13/100000)*E13 -> 71.771299 | S13: 8.22 | T13: =(S13/100000)*E13 -> 172.50295 | U13: =(O13*D13)/100000 -> 1.3426296 | V13: =(Q13*D13)/100000 -> 0.8318466 | W13: =(S13*D13)/100000 -> 1.9993506
A14: a | B14: Egypt | C14: 2021 | D14: =1142649+1200963 -> 2343612 | E14: 110957008 | F14: 3.43 | G14: =(F14/100000)*E14 -> 3805.8254 | H14: 2.63 | I14: =(H14/100000)*E14 -> 2918.1693 | J14: 4.59 | K14: =(J14/100000)*E14 -> 5092.9267 | L14: =(G14/D14)*100000 -> 162.39144 | M14: =(I14/D14)*100000 -> 124.51589 | N14: =(K14/D14)*100000 -> 217.311 | O14: 7.86 | P14: =(O14/100000)*E14 -> 8721.2208 | Q14: 5.28 | R14: =(Q14/100000)*E14 -> 5858.53 | S14: 11.15 | T14: =(S14/100000)*E14 -> 12371.706 | U14: =(P14/D14)*100000 -> 372.12733 | V14: =(R14/D14)*100000 -> 249.97867 | W14: =(T14/D14)*100000 -> 527.89055
A15: b | B15: Egypt | C15: 2030 | D15: =1213206+1278324 -> 2491530 | E15: 127139322 | F15: 3.43 | G15: =(F15/100000)*E15 -> 4360.8787 | H15: 2.63 | I15: =(H15/100000)*E15 -> 3343.7642 | J15: 4.59 | K15: =(J15/100000)*E15 -> 5835.6949 | L15: =(G15/D15)*100000 -> 175.02815 | M15: =(I15*D15)/100000 -> 83310.887 | N15: =(K15*D15)/100000 -> 145398.09 | O15: 7.86 | Q15: 5.28 | S15: 11.15 | U15: =(O15*D15)/100000 -> 195.83426 | V15: =(Q15*D15)/100000 -> 131.55278 | W15: =(S15*D15)/100000 -> 277.80559 | Z15: =ROUND(F15, 0) & " (" & ROUND(H15, 0) & "-" & ROUND(J15, 0) & ")" -> 3 (3-5) | AA15: =ROUND(L15, 0) & " (" & ROUND(M15, 0) & "-" & ROUND(N15, 0) & ")" -> 175 (83311-145398) | AB15: =ROUND(O15, 0) & " (" & ROUND(Q15, 0) & "-" & ROUND(S15, 0) & ")" -> 8 (5-11) | AC15: =ROUND(U15, 0) & " (" & ROUND(V15, 0) & "-" & ROUND(W15, 0) & ")" -> 196 (132-278)
A16: c | B16: Egypt | C16: 2040 | D16: =1327238+1399803 -> 2727041 | E16: 145213654 | F16: 3.43 | G16: =(F16/100000)*E16 -> 4980.8283 | H16: 2.63 | I16: =(H16/100000)*E16 -> 3819.1191 | J16: 4.59 | K16: =(J16/100000)*E16 -> 6665.3067 | L16: =(G16/D16)*100000 -> 182.64589 | M16: =(I16*D16)/100000 -> 104148.94 | N16: =(K16*D16)/100000 -> 181765.65 | O16: 7.86 | Q16: 5.28 | S16: 11.15 | U16: =(O16*D16)/100000 -> 214.34542 | V16: =(Q16*D16)/100000 -> 143.98776 | W16: =(S16*D16)/100000 -> 304.06507 | Z16: =ROUND(F16, 0) & " (" & ROUND(H16, 0) & "-" & ROUND(J16, 0) & ")" -> 3 (3-5) | AA16: =ROUND(L16, 0) & " (" & ROUND(M16, 0) & "-" & ROUND(N16, 0) & ")" -> 183 (104149-181766) | AB16: =ROUND(O16, 0) & " (" & ROUND(Q16, 0) & "-" & ROUND(S16, 0) & ")" -> 8 (5-11) | AC16: =ROUND(U16, 0) & " (" & ROUND(V16, 0) & "-" & ROUND(W16, 0) & ")" -> 214 (144-304)
A17: d | B17: Egypt | C17: 2050 | D17: =1250892+1319902 -> 2570794 | E17: 161630192 | F17: 3.43 | G17: =(F17/100000)*E17 -> 5543.9156 | H17: 2.63 | I17: =(H17/100000)*E17 -> 4250.8741 | J17: 4.59 | K17: =(J17/100000)*E17 -> 7418.8258 | L17: =(G17/D17)*100000 -> 215.64993 | M17: =(I17*D17)/100000 -> 109281.21 | N17: =(K17*D17)/100000 -> 190722.73 | O17: 7.86 | P17: =(O17/100000)*E17 -> 12704.133 | Q17: 5.28 | R17: =(Q17/100000)*E17 -> 8534.0741 | S17: 11.15 | T17: =(S17/100000)*E17 -> 18021.766 | U17: =(O17*D17)/100000 -> 202.06441 | V17: =(Q17*D17)/100000 -> 135.73792 | W17: =(S17*D17)/100000 -> 286.64353
A18: a | B18: Iran | C18: 2021 | D18: =589147+620407 -> 1209554 | E18: 88455488 | F18: 1.48 | G18: =(F18/100000)*E18 -> 1309.1412 | H18: 1.12 | I18: =(H18/100000)*E18 -> 990.70147 | J18: 2.03 | K18: =(J18/100000)*E18 -> 1795.6464 | L18: =(G18/D18)*100000 -> 108.23338 | M18: =(I18/D18)*100000 -> 81.906344 | N18: =(K18/D18)*100000 -> 148.45525 | O18: 5.26 | P18: =(O18/100000)*E18 -> 4652.7587 | Q18: 3.5 | R18: =(Q18/100000)*E18 -> 3095.9421 | S18: 7.55 | T18: =(S18/100000)*E18 -> 6678.3893 | U18: =(P18/D18)*100000 -> 384.6673 | V18: =(R18/D18)*100000 -> 255.95733 | W18: =(T18/D18)*100000 -> 552.13652
A19: b | B19: Iran | C19: 2030 | D19: =505962+530579 -> 1036541 | E19: 95486667 | F19: 1.48 | G19: =(F19/100000)*E19 -> 1413.2027 | H19: 1.12 | I19: =(H19/100000)*E19 -> 1069.4507 | J19: 2.03 | K19: =(J19/100000)*E19 -> 1938.3793 | L19: =(G19/D19)*100000 -> 136.33833 | M19: =(I19*D19)/100000 -> 11085.295 | N19: =(K19*D19)/100000 -> 20092.097 | O19: 5.26 | Q19: 3.5 | S19: 7.55 | U19: =(O19*D19)/100000 -> 54.522057 | V19: =(Q19*D19)/100000 -> 36.278935 | W19: =(S19*D19)/100000 -> 78.258846 | Z19: =ROUND(F19, 0) & " (" & ROUND(H19, 0) & "-" & ROUND(J19, 0) & ")" -> 1 (1-2) | AA19: =ROUND(L19, 0) & " (" & ROUND(M19, 0) & "-" & ROUND(N19, 0) & ")" -> 136 (11085-20092) | AB19: =ROUND(O19, 0) & " (" & ROUND(Q19, 0) & "-" & ROUND(S19, 0) & ")" -> 5 (4-8) | AC19: =ROUND(U19, 0) & " (" & ROUND(V19, 0) & "-" & ROUND(W19, 0) & ")" -> 55 (36-78)
A20: c | B20: Iran | C20: 2040 | D20: =508605+533053 -> 1041658 | E20: 99524277 | F20: 1.48 | G20: =(F20/100000)*E20 -> 1472.9593 | H20: 1.12 | I20: =(H20/100000)*E20 -> 1114.6719 | J20: 2.03 | K20: =(J20/100000)*E20 -> 2020.3428 | L20: =(G20/D20)*100000 -> 141.40527 | M20: =(I20*D20)/100000 -> 11611.069 | N20: =(K20*D20)/100000 -> 21045.063 | O20: 5.26 | Q20: 3.5 | S20: 7.55 | U20: =(O20*D20)/100000 -> 54.791211 | V20: =(Q20*D20)/100000 -> 36.45803 | W20: =(S20*D20)/100000 -> 78.645179 | Z20: =ROUND(F20, 0) & " (" & ROUND(H20, 0) & "-" & ROUND(J20, 0) & ")" -> 1 (1-2) | AA20: =ROUND(L20, 0) & " (" & ROUND(M20, 0) & "-" & ROUND(N20, 0) & ")" -> 141 (11611-21045) | AB20: =ROUND(O20, 0) & " (" & ROUND(Q20, 0) & "-" & ROUND(S20, 0) & ")" -> 5 (4-8) | AC20: =ROUND(U20, 0) & " (" & ROUND(V20, 0) & "-" & ROUND(W20, 0) & ")" -> 55 (36-79)
A21: d | B21: Iran | C21: 2050 | D21: =482638+505938 -> 988576 | E21: 101861993 | F21: 1.48 | G21: =(F21/100000)*E21 -> 1507.5575 | H21: 1.12 | I21: =(H21/100000)*E21 -> 1140.8543 | J21: 2.03 | K21: =(J21/100000)*E21 -> 2067.7985 | L21: =(G21/D21)*100000 -> 152.49789 | M21: =(I21*D21)/100000 -> 11278.212 | N21: =(K21*D21)/100000 -> 20441.759 | O21: 5.26 | P21: =(O21/100000)*E21 -> 5357.9408 | Q21: 3.5 | R21: =(Q21/100000)*E21 -> 3565.1698 | S21: 7.55 | T21: =(S21/100000)*E21 -> 7690.5805 | U21: =(O21*D21)/100000 -> 51.999098 | V21: =(Q21*D21)/100000 -> 34.60016 | W21: =(S21*D21)/100000 -> 74.637488
A22: a | B22: Iraq | C22: 2021 | D22: =542916+571526.5 -> 1114442.5 | E22: 43071211 | F22: 3.53 | G22: =(F22/100000)*E22 -> 1520.4137 | H22: 2.61 | I22: =(H22/100000)*E22 -> 1124.1586 | J22: 4.87 | K22: =(J22/100000)*E22 -> 2097.568 | L22: =(G22/D22)*100000 -> 136.42819 | M22: =(I22/D22)*100000 -> 100.87184 | N22: =(K22/D22)*100000 -> 188.2168 | O22: 6.58 | P22: =(O22/100000)*E22 -> 2834.0857 | Q22: 4.35 | R22: =(Q22/100000)*E22 -> 1873.5977 | S22: 9.6 | T22: =(S22/100000)*E22 -> 4134.8363 | U22: =(P22/D22)*100000 -> 254.30524 | V22: =(R22/D22)*100000 -> 168.11973 | W22: =(T22/D22)*100000 -> 371.02284
A23: b | B23: Iraq | C23: 2030 | D23: =597042+627808 -> 1224850 | E23: 51937208 | F23: 3.53 | G23: =(F23/100000)*E23 -> 1833.3834 | H23: 2.61 | I23: =(H23/100000)*E23 -> 1355.5611 | J23: 4.87 | K23: =(J23/100000)*E23 -> 2529.342 | L23: =(G23/D23)*100000 -> 149.68228 | M23: =(I23*D23)/100000 -> 16603.59 | N23: =(K23*D23)/100000 -> 30980.646 | O23: 6.58 | Q23: 4.35 | S23: 9.6 | U23: =(O23*D23)/100000 -> 80.59513 | V23: =(Q23*D23)/100000 -> 53.280975 | W23: =(S23*D23)/100000 -> 117.5856 | Z23: =ROUND(F23, 0) & " (" & ROUND(H23, 0) & "-" & ROUND(J23, 0) & ")" -> 4 (3-5) | AA23: =ROUND(L23, 0) & " (" & ROUND(M23, 0) & "-" & ROUND(N23, 0) & ")" -> 150 (16604-30981) | AB23: =ROUND(O23, 0) & " (" & ROUND(Q23, 0) & "-" & ROUND(S23, 0) & ")" -> 7 (4-10) | AC23: =ROUND(U23, 0) & " (" & ROUND(V23, 0) & "-" & ROUND(W23, 0) & ")" -> 81 (53-118)
A24: c | B24: Iraq | C24: 2040 | D24: =644831+677866 -> 1322697 | E24: 62223211 | F24: 3.53 | G24: =(F24/100000)*E24 -> 2196.4793 | H24: 2.61 | I24: =(H24/100000)*E24 -> 1624.0258 | J24: 4.87 | K24: =(J24/100000)*E24 -> 3030.2704 | L24: =(G24/D24)*100000 -> 166.06066 | M24: =(I24*D24)/100000 -> 21480.941 | N24: =(K24*D24)/100000 -> 40081.295 | O24: 6.58 | Q24: 4.35 | S24: 9.6 | U24: =(O24*D24)/100000 -> 87.033463 | V24: =(Q24*D24)/100000 -> 57.53732 | W24: =(S24*D24)/100000 -> 126.97891 | Z24: =ROUND(F24, 0) & " (" & ROUND(H24, 0) & "-" & ROUND(J24, 0) & ")" -> 4 (3-5) | AA24: =ROUND(L24, 0) & " (" & ROUND(M24, 0) & "-" & ROUND(N24, 0) & ")" -> 166 (21481-40081) | AB24: =ROUND(O24, 0) & " (" & ROUND(Q24, 0) & "-" & ROUND(S24, 0) & ")" -> 7 (4-10) | AC24: =ROUND(U24, 0) & " (" & ROUND(V24, 0) & "-" & ROUND(W24, 0) & ")" -> 87 (58-127)
A25: d | B25: Iraq | C25: 2050 | D25: =644321+677667 -> 1321988 | E25: 71928750 | F25: 3.53 | G25: =(F25/100000)*E25 -> 2539.0849 | H25: 2.61 | I25: =(H25/100000)*E25 -> 1877.3404 | J25: 4.87 | K25: =(J25/100000)*E25 -> 3502.9301 | L25: =(G25/D25)*100000 -> 192.06565 | M25: =(I25*D25)/100000 -> 24818.214 | N25: =(K25*D25)/100000 -> 46308.316 | O25: 6.58 | P25: =(O25/100000)*E25 -> 4732.9118 | Q25: 4.35 | R25: =(Q25/100000)*E25 -> 3128.9006 | S25: 9.6 | T25: =(S25/100000)*E25 -> 6905.16 | U25: =(O25*D25)/100000 -> 86.98681 | V25: =(Q25*D25)/100000 -> 57.506478 | W25: =(S25*D25)/100000 -> 126.91085
A26: a | B26: Jordan | C26: 2021 | D26: =114030+119316.5 -> 233346.5 | E26: 11066356 | F26: 3.48 | G26: =(F26/100000)*E26 -> 385.10919 | H26: 2.57 | I26: =(H26/100000)*E26 -> 284.40535 | J26: 4.67 | K26: =(J26/100000)*E26 -> 516.79883 | L26: =(G26/D26)*100000 -> 165.03748 | M26: =(I26/D26)*100000 -> 121.88113 | N26: =(K26/D26)*100000 -> 221.47271 | O26: 6.98 | P26: =(O26/100000)*E26 -> 772.43165 | Q26: 4.49 | R26: =(Q26/100000)*E26 -> 496.87938 | S26: 10.42 | T26: =(S26/100000)*E26 -> 1153.1143 | U26: =(P26/D26)*100000 -> 331.02346 | V26: =(R26/D26)*100000 -> 212.93629 | W26: =(T26/D26)*100000 -> 494.16396
A27: b | B27: Jordan | C27: 2030 | D27: =112693+117975 -> 230668 | E27: 12448776 | F27: 3.48 | G27: =(F27/100000)*E27 -> 433.2174 | H27: 2.57 | I27: =(H27/100000)*E27 -> 319.93354 | J27: 4.67 | K27: =(J27/100000)*E27 -> 581.35784 | L27: =(G27/D27)*100000 -> 187.80993 | M27: =(I27*D27)/100000 -> 737.98431 | N27: =(K27*D27)/100000 -> 1341.0065 | O27: 6.98 | Q27: 4.49 | S27: 10.42 | U27: =(O27*D27)/100000 -> 16.100626 | V27: =(Q27*D27)/100000 -> 10.356993 | W27: =(S27*D27)/100000 -> 24.035606 | Z27: =ROUND(F27, 0) & " (" & ROUND(H27, 0) & "-" & ROUND(J27, 0) & ")" -> 3 (3-5) | AA27: =ROUND(L27, 0) & " (" & ROUND(M27, 0) & "-" & ROUND(N27, 0) & ")" -> 188 (738-1341) | AB27: =ROUND(O27, 0) & " (" & ROUND(Q27, 0) & "-" & ROUND(S27, 0) & ")" -> 7 (4-10) | AC27: =ROUND(U27, 0) & " (" & ROUND(V27, 0) & "-" & ROUND(W27, 0) & ")" -> 16 (10-24)
A28: c | B28: Jordan | C28: 2040 | D28: =122859+128721 -> 251580 | E28: 14471297 | F28: 3.48 | G28: =(F28/100000)*E28 -> 503.60114 | H28: 2.57 | I28: =(H28/100000)*E28 -> 371.91233 | J28: 4.67 | K28: =(J28/100000)*E28 -> 675.80957 | L28: =(G28/D28)*100000 -> 200.17535 | M28: =(I28*D28)/100000 -> 935.65705 | N28: =(K28*D28)/100000 -> 1700.2017 | O28: 6.98 | Q28: 4.49 | S28: 10.42 | U28: =(O28*D28)/100000 -> 17.560284 | V28: =(Q28*D28)/100000 -> 11.295942 | W28: =(S28*D28)/100000 -> 26.214636 | Z28: =ROUND(F28, 0) & " (" & ROUND(H28, 0) & "-" & ROUND(J28, 0) & ")" -> 3 (3-5) | AA28: =ROUND(L28, 0) & " (" & ROUND(M28, 0) & "-" & ROUND(N28, 0) & ")" -> 200 (936-1700) | AB28: =ROUND(O28, 0) & " (" & ROUND(Q28, 0) & "-" & ROUND(S28, 0) & ")" -> 7 (4-10) | AC28: =ROUND(U28, 0) & " (" & ROUND(V28, 0) & "-" & ROUND(W28, 0) & ")" -> 18 (11-26)
A29: d | B29: Jordan | C29: 2050 | D29: =116857+122500 -> 239357 | E29: 16367354 | F29: 3.48 | G29: =(F29/100000)*E29 -> 569.58392 | H29: 2.57 | I29: =(H29/100000)*E29 -> 420.641 | J29: 4.67 | K29: =(J29/100000)*E29 -> 764.35543 | L29: =(G29/D29)*100000 -> 237.96418 | M29: =(I29*D29)/100000 -> 1006.8337 | N29: =(K29*D29)/100000 -> 1829.5382 | O29: 6.98 | P29: =(O29/100000)*E29 -> 1142.4413 | Q29: 4.49 | R29: =(Q29/100000)*E29 -> 734.89419 | S29: 10.42 | T29: =(S29/100000)*E29 -> 1705.4783 | U29: =(O29*D29)/100000 -> 16.707119 | V29: =(Q29*D29)/100000 -> 10.747129 | W29: =(S29*D29)/100000 -> 24.940999
A30: a | B30: Kuwait | C30: 2021 | D30: =27288.5+27818.5 -> 55107 | E30: 4360865 | F30: 1.64 | G30: =(F30/100000)*E30 -> 71.518186 | H30: 1.2 | I30: =(H30/100000)*E30 -> 52.33038 | J30: 2.36 | K30: =(J30/100000)*E30 -> 102.91641 | L30: =(G30/D30)*100000 -> 129.78058 | M30: =(I30/D30)*100000 -> 94.961402 | N30: =(K30/D30)*100000 -> 186.75742 | O30: 5.6 | P30: =(O30/100000)*E30 -> 244.20844 | Q30: 3.43 | R30: =(Q30/100000)*E30 -> 149.57767 | S30: 8.6 | T30: =(S30/100000)*E30 -> 375.03439 | U30: =(P30/D30)*100000 -> 443.15321 | V30: =(R30/D30)*100000 -> 271.43134 | W30: =(T30/D30)*100000 -> 680.55672
A31: b | B31: Kuwait | C31: 2030 | D31: =26186+27312 -> 53498 | E31: 5335372 | F31: 1.64 | G31: =(F31/100000)*E31 -> 87.500101 | H31: 1.2 | I31: =(H31/100000)*E31 -> 64.024464 | J31: 2.36 | K31: =(J31/100000)*E31 -> 125.91478 | L31: =(G31/D31)*100000 -> 163.5577 | M31: =(I31*D31)/100000 -> 34.251808 | N31: =(K31*D31)/100000 -> 67.361889 | O31: 5.6 | Q31: 3.43 | S31: 8.6 | U31: =(O31*D31)/100000 -> 2.995888 | V31: =(Q31*D31)/100000 -> 1.8349814 | W31: =(S31*D31)/100000 -> 4.600828 | Z31: =ROUND(F31, 0) & " (" & ROUND(H31, 0) & "-" & ROUND(J31, 0) & ")" -> 2 (1-2) | AA31: =ROUND(L31, 0) & " (" & ROUND(M31, 0) & "-" & ROUND(N31, 0) & ")" -> 164 (34-67) | AB31: =ROUND(O31, 0) & " (" & ROUND(Q31, 0) & "-" & ROUND(S31, 0) & ")" -> 6 (3-9) | AC31: =ROUND(U31, 0) & " (" & ROUND(V31, 0) & "-" & ROUND(W31, 0) & ")" -> 3 (2-5)
A32: c | B32: Kuwait | C32: 2040 | D32: =30100+31364 -> 61464 | E32: 5839862 | F32: 1.64 | G32: =(F32/100000)*E32 -> 95.773737 | H32: 1.2 | I32: =(H32/100000)*E32 -> 70.078344 | J32: 2.36 | K32: =(J32/100000)*E32 -> 137.82074 | L32: =(G32/D32)*100000 -> 155.82087 | M32: =(I32*D32)/100000 -> 43.072953 | N32: =(K32*D32)/100000 -> 84.710142 | O32: 5.6 | Q32: 3.43 | S32: 8.6 | U32: =(O32*D32)/100000 -> 3.441984 | V32: =(Q32*D32)/100000 -> 2.1082152 | W32: =(S32*D32)/100000 -> 5.285904 | Z32: =ROUND(F32, 0) & " (" & ROUND(H32, 0) & "-" & ROUND(J32, 0) & ")" -> 2 (1-2) | AA32: =ROUND(L32, 0) & " (" & ROUND(M32, 0) & "-" & ROUND(N32, 0) & ")" -> 156 (43-85) | AB32: =ROUND(O32, 0) & " (" & ROUND(Q32, 0) & "-" & ROUND(S32, 0) & ")" -> 6 (3-9) | AC32: =ROUND(U32, 0) & " (" & ROUND(V32, 0) & "-" & ROUND(W32, 0) & ")" -> 3 (2-5)
A33: d | B33: Kuwait | C33: 2050 | D33: =31797+33113 -> 64910 | E33: 6371108 | F33: 1.64 | G33: =(F33/100000)*E33 -> 104.48617 | H33: 1.2 | I33: =(H33/100000)*E33 -> 76.453296 | J33: 2.36 | K33: =(J33/100000)*E33 -> 150.35815 | L33: =(G33/D33)*100000 -> 160.97084 | M33: =(I33*D33)/100000 -> 49.625834 | N33: =(K33*D33)/100000 -> 97.597474 | O33: 5.6 | P33: =(O33/100000)*E33 -> 356.78205 | Q33: 3.43 | R33: =(Q33/100000)*E33 -> 218.529 | S33: 8.6 | T33: =(S33/100000)*E33 -> 547.91529 | U33: =(O33*D33)/100000 -> 3.63496 | V33: =(Q33*D33)/100000 -> 2.226413 | W33: =(S33*D33)/100000 -> 5.58226
A34: a | B34: Lebanon | C34: 2021 | D34: =45698.5+47988.5 -> 93687 | E34: 5718122 | F34: 2.01 | G34: =(F34/100000)*E34 -> 114.93425 | H34: 1.55 | I34: =(H34/100000)*E34 -> 88.630891 | J34: 2.73 | K34: =(J34/100000)*E34 -> 156.10473 | L34: =(G34/D34)*100000 -> 122.67898 | M34: =(I34/D34)*100000 -> 94.60319 | N34: =(K34/D34)*100000 -> 166.62368 | O34: 6.24 | P34: =(O34/100000)*E34 -> 356.81081 | Q34: 4.06 | R34: =(Q34/100000)*E34 -> 232.15575 | S34: 9.05 | T34: =(S34/100000)*E34 -> 517.49004 | U34: =(P34/D34)*100000 -> 380.85413 | V34: =(R34/D34)*100000 -> 247.79932 | W34: =(T34/D34)*100000 -> 552.36056
A35: b | B35: Lebanon | C35: 2030 | D35: =45471+47792 -> 93263 | E35: 6103808 | F35: 2.01 | G35: =(F35/100000)*E35 -> 122.68654 | H35: 1.55 | I35: =(H35/100000)*E35 -> 94.609024 | J35: 2.73 | K35: =(J35/100000)*E35 -> 166.63396 | L35: =(G35/D35)*100000 -> 131.549 | M35: =(I35*D35)/100000 -> 88.235214 | N35: =(K35*D35)/100000 -> 155.40783 | O35: 6.24 | Q35: 4.06 | S35: 9.05 | U35: =(O35*D35)/100000 -> 5.8196112 | V35: =(Q35*D35)/100000 -> 3.7864778 | W35: =(S35*D35)/100000 -> 8.4403015 | Z35: =ROUND(F35, 0) & " (" & ROUND(H35, 0) & "-" & ROUND(J35, 0) & ")" -> 2 (2-3) | AA35: =ROUND(L35, 0) & " (" & ROUND(M35, 0) & "-" & ROUND(N35, 0) & ")" -> 132 (88-155) | AB35: =ROUND(O35, 0) & " (" & ROUND(Q35, 0) & "-" & ROUND(S35, 0) & ")" -> 6 (4-9) | AC35: =ROUND(U35, 0) & " (" & ROUND(V35, 0) & "-" & ROUND(W35, 0) & ")" -> 6 (4-8)
A36: c | B36: Lebanon | C36: 2040 | D36: =47586+50064 -> 97650 | E36: 6620329 | F36: 2.01 | G36: =(F36/100000)*E36 -> 133.06861 | H36: 1.55 | I36: =(H36/100000)*E36 -> 102.6151 | J36: 2.73 | K36: =(J36/100000)*E36 -> 180.73498 | L36: =(G36/D36)*100000 -> 136.27098 | M36: =(I36*D36)/100000 -> 100.20364 | N36: =(K36*D36)/100000 -> 176.48771 | O36: 6.24 | Q36: 4.06 | S36: 9.05 | U36: =(O36*D36)/100000 -> 6.09336 | V36: =(Q36*D36)/100000 -> 3.96459 | W36: =(S36*D36)/100000 -> 8.837325 | Z36: =ROUND(F36, 0) & " (" & ROUND(H36, 0) & "-" & ROUND(J36, 0) & ")" -> 2 (2-3) | AA36: =ROUND(L36, 0) & " (" & ROUND(M36, 0) & "-" & ROUND(N36, 0) & ")" -> 136 (100-176) | AB36: =ROUND(O36, 0) & " (" & ROUND(Q36, 0) & "-" & ROUND(S36, 0) & ")" -> 6 (4-9) | AC36: =ROUND(U36, 0) & " (" & ROUND(V36, 0) & "-" & ROUND(W36, 0) & ")" -> 6 (4-9)
A37: d | B37: Lebanon | C37: 2050 | D37: =42076+44309 -> 86385 | E37: 6999260 | F37: 2.01 | G37: =(F37/100000)*E37 -> 140.68513 | H37: 1.55 | I37: =(H37/100000)*E37 -> 108.48853 | J37: 2.73 | K37: =(J37/100000)*E37 -> 191.0798 | L37: =(G37/D37)*100000 -> 162.85828 | M37: =(I37*D37)/100000 -> 93.717817 | N37: =(K37*D37)/100000 -> 165.06428 | O37: 6.24 | P37: =(O37/100000)*E37 -> 436.75382 | Q37: 4.06 | R37: =(Q37/100000)*E37 -> 284.16996 | S37: 9.05 | T37: =(S37/100000)*E37 -> 633.43303 | U37: =(O37*D37)/100000 -> 5.390424 | V37: =(Q37*D37)/100000 -> 3.507231 | W37: =(S37*D37)/100000 -> 7.8178425
A38: a | B38: Libya | C38: 2021 | D38: =63144.5+66637 -> 129781.5 | E38: 7135175 | F38: 1.5 | G38: =(F38/100000)*E38 -> 107.02763 | H38: 1.15 | I38: =(H38/100000)*E38 -> 82.054513 | J38: 1.98 | K38: =(J38/100000)*E38 -> 141.27647 | L38: =(G38/D38)*100000 -> 82.467551 | M38: =(I38/D38)*100000 -> 63.225123 | N38: =(K38/D38)*100000 -> 108.85717 | O38: 6.37 | P38: =(O38/100000)*E38 -> 454.51065 | Q38: 4.19 | R38: =(Q38/100000)*E38 -> 298.96383 | S38: 9.13 | T38: =(S38/100000)*E38 -> 651.44148 | U38: =(P38/D38)*100000 -> 350.2122 | V38: =(R38/D38)*100000 -> 230.35936 | W38: =(T38/D38)*100000 -> 501.9525
A39: b | B39: Libya | C39: 2030 | D39: =57121+60361 -> 117482 | E39: 7885806 | F39: 1.5 | G39: =(F39/100000)*E39 -> 118.28709 | H39: 1.15 | I39: =(H39/100000)*E39 -> 90.686769 | J39: 1.98 | K39: =(J39/100000)*E39 -> 156.13896 | L39: =(G39/D39)*100000 -> 100.68529 | M39: =(I39*D39)/100000 -> 106.54063 | N39: =(K39*D39)/100000 -> 183.43517 | O39: 6.37 | Q39: 4.19 | S39: 9.13 | U39: =(O39*D39)/100000 -> 7.4836034 | V39: =(Q39*D39)/100000 -> 4.9224958 | W39: =(S39*D39)/100000 -> 10.726107 | Z39: =ROUND(F39, 0) & " (" & ROUND(H39, 0) & "-" & ROUND(J39, 0) & ")" -> 2 (1-2) | AA39: =ROUND(L39, 0) & " (" & ROUND(M39, 0) & "-" & ROUND(N39, 0) & ")" -> 101 (107-183) | AB39: =ROUND(O39, 0) & " (" & ROUND(Q39, 0) & "-" & ROUND(S39, 0) & ")" -> 6 (4-9) | AC39: =ROUND(U39, 0) & " (" & ROUND(V39, 0) & "-" & ROUND(W39, 0) & ")" -> 7 (5-11)
A40: c | B40: Libya | C40: 2040 | D40: =59613+62994 -> 122607 | E40: 8651417 | F40: 1.5 | G40: =(F40/100000)*E40 -> 129.77125 | H40: 1.15 | I40: =(H40/100000)*E40 -> 99.491296 | J40: 1.98 | K40: =(J40/100000)*E40 -> 171.29806 | L40: =(G40/D40)*100000 -> 105.84327 | M40: =(I40*D40)/100000 -> 121.98329 | N40: =(K40*D40)/100000 -> 210.02341 | O40: 6.37 | Q40: 4.19 | S40: 9.13 | U40: =(O40*D40)/100000 -> 7.8100659 | V40: =(Q40*D40)/100000 -> 5.1372333 | W40: =(S40*D40)/100000 -> 11.194019 | Z40: =ROUND(F40, 0) & " (" & ROUND(H40, 0) & "-" & ROUND(J40, 0) & ")" -> 2 (1-2) | AA40: =ROUND(L40, 0) & " (" & ROUND(M40, 0) & "-" & ROUND(N40, 0) & ")" -> 106 (122-210) | AB40: =ROUND(O40, 0) & " (" & ROUND(Q40, 0) & "-" & ROUND(S40, 0) & ")" -> 6 (4-9) | AC40: =ROUND(U40, 0) & " (" & ROUND(V40, 0) & "-" & ROUND(W40, 0) & ")" -> 8 (5-11)
A41: d | B41: Libya | C41: 2050 | D41: =56799+60046 -> 116845 | E41: 9260505 | F41: 1.5 | G41: =(F41/100000)*E41 -> 138.90758 | H41: 1.15 | I41: =(H41/100000)*E41 -> 106.49581 | J41: 1.98 | K41: =(J41/100000)*E41 -> 183.358 | L41: =(G41/D41)*100000 -> 118.88192 | M41: =(I41*D41)/100000 -> 124.43503 | N41: =(K41*D41)/100000 -> 214.24465 | O41: 6.37 | P41: =(O41/100000)*E41 -> 589.89417 | Q41: 4.19 | R41: =(Q41/100000)*E41 -> 388.01516 | S41: 9.13 | T41: =(S41/100000)*E41 -> 845.48411 | U41: =(O41*D41)/100000 -> 7.4430265 | V41: =(Q41*D41)/100000 -> 4.8958055 | W41: =(S41*D41)/100000 -> 10.667948
A42: a | B42: Morocco | C42: 2021 | D42: =312849.5+326350.5 -> 639200 | E42: 36954442 | F42: 2.31 | G42: =(F42/100000)*E42 -> 853.64761 | H42: 1.78 | I42: =(H42/100000)*E42 -> 657.78907 | J42: 3.06 | K42: =(J42/100000)*E42 -> 1130.8059 | L42: =(G42/D42)*100000 -> 133.54938 | M42: =(I42/D42)*100000 -> 102.90818 | N42: =(K42/D42)*100000 -> 176.90956 | O42: 5.83 | P42: =(O42/100000)*E42 -> 2154.444 | Q42: 3.66 | R42: =(Q42/100000)*E42 -> 1352.5326 | S42: 8.96 | T42: =(S42/100000)*E42 -> 3311.118 | U42: =(P42/D42)*100000 -> 337.05319 | V42: =(R42/D42)*100000 -> 211.59771 | W42: =(T42/D42)*100000 -> 518.0097
A43: b | B43: Morocco | C43: 2030 | D43: =289365+302361 -> 591726 | E43: 39953460 | F43: 2.31 | G43: =(F43/100000)*E43 -> 922.92493 | H43: 1.78 | I43: =(H43/100000)*E43 -> 711.17159 | J43: 3.06 | K43: =(J43/100000)*E43 -> 1222.5759 | L43: =(G43/D43)*100000 -> 155.97167 | M43: =(I43*D43)/100000 -> 4208.1872 | N43: =(K43*D43)/100000 -> 7234.2993 | O43: 5.83 | Q43: 3.66 | S43: 8.96 | U43: =(O43*D43)/100000 -> 34.497626 | V43: =(Q43*D43)/100000 -> 21.657172 | W43: =(S43*D43)/100000 -> 53.01865 | Z43: =ROUND(F43, 0) & " (" & ROUND(H43, 0) & "-" & ROUND(J43, 0) & ")" -> 2 (2-3) | AA43: =ROUND(L43, 0) & " (" & ROUND(M43, 0) & "-" & ROUND(N43, 0) & ")" -> 156 (4208-7234) | AB43: =ROUND(O43, 0) & " (" & ROUND(Q43, 0) & "-" & ROUND(S43, 0) & ")" -> 6 (4-9) | AC43: =ROUND(U43, 0) & " (" & ROUND(V43, 0) & "-" & ROUND(W43, 0) & ")" -> 34 (22-53)
A44: c | B44: Morocco | C44: 2040 | D44: =277438+290105 -> 567543 | E44: 42168205 | F44: 2.31 | G44: =(F44/100000)*E44 -> 974.08554 | H44: 1.78 | I44: =(H44/100000)*E44 -> 750.59405 | J44: 3.06 | K44: =(J44/100000)*E44 -> 1290.3471 | L44: =(G44/D44)*100000 -> 171.63202 | M44: =(I44*D44)/100000 -> 4259.944 | N44: =(K44*D44)/100000 -> 7323.2745 | O44: 5.83 | Q44: 3.66 | S44: 8.96 | U44: =(O44*D44)/100000 -> 33.087757 | V44: =(Q44*D44)/100000 -> 20.772074 | W44: =(S44*D44)/100000 -> 50.851853 | Z44: =ROUND(F44, 0) & " (" & ROUND(H44, 0) & "-" & ROUND(J44, 0) & ")" -> 2 (2-3) | AA44: =ROUND(L44, 0) & " (" & ROUND(M44, 0) & "-" & ROUND(N44, 0) & ")" -> 172 (4260-7323) | AB44: =ROUND(O44, 0) & " (" & ROUND(Q44, 0) & "-" & ROUND(S44, 0) & ")" -> 6 (4-9) | AC44: =ROUND(U44, 0) & " (" & ROUND(V44, 0) & "-" & ROUND(W44, 0) & ")" -> 33 (21-51)
A45: d | B45: Morocco | C45: 2050 | D45: =257893+269957 -> 527850 | E45: 43440431 | F45: 2.31 | G45: =(F45/100000)*E45 -> 1003.474 | H45: 1.78 | I45: =(H45/100000)*E45 -> 773.23967 | J45: 3.06 | K45: =(J45/100000)*E45 -> 1329.2772 | L45: =(G45/D45)*100000 -> 190.10589 | M45: =(I45*D45)/100000 -> 4081.5456 | N45: =(K45*D45)/100000 -> 7016.5896 | O45: 5.83 | P45: =(O45/100000)*E45 -> 2532.5771 | Q45: 3.66 | R45: =(Q45/100000)*E45 -> 1589.9198 | S45: 8.96 | T45: =(S45/100000)*E45 -> 3892.2626 | U45: =(O45*D45)/100000 -> 30.773655 | V45: =(Q45*D45)/100000 -> 19.31931 | W45: =(S45*D45)/100000 -> 47.29536
A46: a | B46: Oman | C46: 2021 | D46: =37655+39235.5 -> 76890.5 | E46: 4500424 | F46: 2.8 | G46: =(F46/100000)*E46 -> 126.01187 | H46: 2.05 | I46: =(H46/100000)*E46 -> 92.258692 | J46: 3.96 | K46: =(J46/100000)*E46 -> 178.21679 | L46: =(G46/D46)*100000 -> 163.88484 | M46: =(I46/D46)*100000 -> 119.98711 | N46: =(K46/D46)*100000 -> 231.77999 | O46: 6.16 | P46: =(O46/100000)*E46 -> 277.22612 | Q46: 3.9 | R46: =(Q46/100000)*E46 -> 175.51654 | S46: 9.35 | T46: =(S46/100000)*E46 -> 420.78964 | U46: =(P46/D46)*100000 -> 360.54665 | V46: =(R46/D46)*100000 -> 228.26817 | W46: =(T46/D46)*100000 -> 547.2583
A47: b | B47: Oman | C47: 2030 | D47: =43819+45684 -> 89503 | E47: 6112706 | F47: 2.8 | G47: =(F47/100000)*E47 -> 171.15577 | H47: 2.05 | I47: =(H47/100000)*E47 -> 125.31047 | J47: 3.96 | K47: =(J47/100000)*E47 -> 242.06316 | L47: =(G47/D47)*100000 -> 191.22909 | M47: =(I47*D47)/100000 -> 112.15663 | N47: =(K47*D47)/100000 -> 216.65379 | O47: 6.16 | Q47: 3.9 | S47: 9.35 | U47: =(O47*D47)/100000 -> 5.5133848 | V47: =(Q47*D47)/100000 -> 3.490617 | W47: =(S47*D47)/100000 -> 8.3685305 | Z47: =ROUND(F47, 0) & " (" & ROUND(H47, 0) & "-" & ROUND(J47, 0) & ")" -> 3 (2-4) | AA47: =ROUND(L47, 0) & " (" & ROUND(M47, 0) & "-" & ROUND(N47, 0) & ")" -> 191 (112-217) | AB47: =ROUND(O47, 0) & " (" & ROUND(Q47, 0) & "-" & ROUND(S47, 0) & ")" -> 6 (4-9) | AC47: =ROUND(U47, 0) & " (" & ROUND(V47, 0) & "-" & ROUND(W47, 0) & ")" -> 6 (3-8)
A48: c | B48: Oman | C48: 2040 | D48: =45562+47538 -> 93100 | E48: 6931974 | F48: 2.8 | G48: =(F48/100000)*E48 -> 194.09527 | H48: 2.05 | I48: =(H48/100000)*E48 -> 142.10547 | J48: 3.96 | K48: =(J48/100000)*E48 -> 274.50617 | L48: =(G48/D48)*100000 -> 208.48042 | M48: =(I48*D48)/100000 -> 132.30019 | N48: =(K48*D48)/100000 -> 255.56524 | O48: 6.16 | Q48: 3.9 | S48: 9.35 | U48: =(O48*D48)/100000 -> 5.73496 | V48: =(Q48*D48)/100000 -> 3.6309 | W48: =(S48*D48)/100000 -> 8.70485 | Z48: =ROUND(F48, 0) & " (" & ROUND(H48, 0) & "-" & ROUND(J48, 0) & ")" -> 3 (2-4) | AA48: =ROUND(L48, 0) & " (" & ROUND(M48, 0) & "-" & ROUND(N48, 0) & ")" -> 208 (132-256) | AB48: =ROUND(O48, 0) & " (" & ROUND(Q48, 0) & "-" & ROUND(S48, 0) & ")" -> 6 (4-9) | AC48: =ROUND(U48, 0) & " (" & ROUND(V48, 0) & "-" & ROUND(W48, 0) & ")" -> 6 (4-9)
A49: d | B49: Oman | C49: 2050 | D49: =51089+53324 -> 104413 | E49: 7827002 | F49: 2.8 | G49: =(F49/100000)*E49 -> 219.15606 | H49: 2.05 | I49: =(H49/100000)*E49 -> 160.45354 | J49: 3.96 | K49: =(J49/100000)*E49 -> 309.94928 | L49: =(G49/D49)*100000 -> 209.89346 | M49: =(I49*D49)/100000 -> 167.53436 | N49: =(K49*D49)/100000 -> 323.62734 | O49: 6.16 | P49: =(O49/100000)*E49 -> 482.14332 | Q49: 3.9 | R49: =(Q49/100000)*E49 -> 305.25308 | S49: 9.35 | T49: =(S49/100000)*E49 -> 731.82469 | U49: =(O49*D49)/100000 -> 6.4318408 | V49: =(Q49*D49)/100000 -> 4.072107 | W49: =(S49*D49)/100000 -> 9.7626155
A50: a | B50: Qatar | C50: 2021 | D50: =14385+15259 -> 29644 | E50: 2504910 | F50: 2.91 | G50: =(F50/100000)*E50 -> 72.892881 | H50: 2.09 | I50: =(H50/100000)*E50 -> 52.352619 | J50: 4.15 | K50: =(J50/100000)*E50 -> 103.95377 | L50: =(G50/D50)*100000 -> 245.89421 | M50: =(I50/D50)*100000 -> 176.60444 | N50: =(K50/D50)*100000 -> 350.67388 | O50: 8.76 | P50: =(O50/100000)*E50 -> 219.43012 | Q50: 5.23 | R50: =(Q50/100000)*E50 -> 131.00679 | S50: 13.53 | T50: =(S50/100000)*E50 -> 338.91432 | U50: =(P50/D50)*100000 -> 740.21764 | V50: =(R50/D50)*100000 -> 441.93359 | W50: =(T50/D50)*100000 -> 1143.2813
A51: b | B51: Qatar | C51: 2030 | D51: =16972+17539 -> 34511 | E51: 3110328 | F51: 2.91 | G51: =(F51/100000)*E51 -> 90.510545 | H51: 2.09 | I51: =(H51/100000)*E51 -> 65.005855 | J51: 4.15 | K51: =(J51/100000)*E51 -> 129.07861 | L51: =(G51/D51)*100000 -> 262.26578 | M51: =(I51*D51)/100000 -> 22.434171 | N51: =(K51*D51)/100000 -> 44.54632 | O51: 8.76 | Q51: 5.23 | S51: 13.53 | U51: =(O51*D51)/100000 -> 3.0231636 | V51: =(Q51*D51)/100000 -> 1.8049253 | W51: =(S51*D51)/100000 -> 4.6693383 | Z51: =ROUND(F51, 0) & " (" & ROUND(H51, 0) & "-" & ROUND(J51, 0) & ")" -> 3 (2-4) | AA51: =ROUND(L51, 0) & " (" & ROUND(M51, 0) & "-" & ROUND(N51, 0) & ")" -> 262 (22-45) | AB51: =ROUND(O51, 0) & " (" & ROUND(Q51, 0) & "-" & ROUND(S51, 0) & ")" -> 9 (5-14) | AC51: =ROUND(U51, 0) & " (" & ROUND(V51, 0) & "-" & ROUND(W51, 0) & ")" -> 3 (2-5)
A52: c | B52: Qatar | C52: 2040 | D52: =21321+22069 -> 43390 | E52: 3474059 | F52: 2.91 | G52: =(F52/100000)*E52 -> 101.09512 | H52: 2.09 | I52: =(H52/100000)*E52 -> 72.607833 | J52: 4.15 | K52: =(J52/100000)*E52 -> 144.17345 | L52: =(G52/D52)*100000 -> 232.99174 | M52: =(I52*D52)/100000 -> 31.504539 | N52: =(K52*D52)/100000 -> 62.556859 | O52: 8.76 | Q52: 5.23 | S52: 13.53 | U52: =(O52*D52)/100000 -> 3.800964 | V52: =(Q52*D52)/100000 -> 2.269297 | W52: =(S52*D52)/100000 -> 5.870667 | Z52: =ROUND(F52, 0) & " (" & ROUND(H52, 0) & "-" & ROUND(J52, 0) & ")" -> 3 (2-4) | AA52: =ROUND(L52, 0) & " (" & ROUND(M52, 0) & "-" & ROUND(N52, 0) & ")" -> 233 (32-63) | AB52: =ROUND(O52, 0) & " (" & ROUND(Q52, 0) & "-" & ROUND(S52, 0) & ")" -> 9 (5-14) | AC52: =ROUND(U52, 0) & " (" & ROUND(V52, 0) & "-" & ROUND(W52, 0) & ")" -> 4 (2-6)
A53: d | B53: Qatar | C53: 2050 | D53: =24429+25294 -> 49723 | E53: 3917517 | F53: 2.91 | G53: =(F53/100000)*E53 -> 113.99974 | H53: 2.09 | I53: =(H53/100000)*E53 -> 81.876105 | J53: 4.15 | K53: =(J53/100000)*E53 -> 162.57696 | L53: =(G53/D53)*100000 -> 229.26964 | M53: =(I53*D53)/100000 -> 40.711256 | N53: =(K53*D53)/100000 -> 80.83814 | O53: 8.76 | P53: =(O53/100000)*E53 -> 343.17449 | Q53: 5.23 | R53: =(Q53/100000)*E53 -> 204.88614 | S53: 13.53 | T53: =(S53/100000)*E53 -> 530.04005 | U53: =(O53*D53)/100000 -> 4.3557348 | V53: =(Q53*D53)/100000 -> 2.6005129 | W53: =(S53*D53)/100000 -> 6.7275219
A54: a | B54: Saudi Arabia | C54: 2021 | D54: =251498+261992 -> 513490 | E54: 30784383 | F54: 2.1 | G54: =(F54/100000)*E54 -> 646.47204 | H54: 1.53 | I54: =(H54/100000)*E54 -> 471.00106 | J54: 2.9 | K54: =(J54/100000)*E54 -> 892.74711 | L54: =(G54/D54)*100000 -> 125.89769 | M54: =(I54/D54)*100000 -> 91.725459 | N54: =(K54/D54)*100000 -> 173.85871 | O54: 6.25 | P54: =(O54/100000)*E54 -> 1924.0239 | Q54: 3.84 | R54: =(Q54/100000)*E54 -> 1182.1203 | S54: 9.68 | T54: =(S54/100000)*E54 -> 2979.9283 | U54: =(P54/D54)*100000 -> 374.6955 | V54: =(R54/D54)*100000 -> 230.21292 | W54: =(T54/D54)*100000 -> 580.32839
A55: b | B55: Saudi Arabia | C55: 2030 | D55: =281853+295603 -> 577456 | E55: 38805216 | F55: 2.1 | G55: =(F55/100000)*E55 -> 814.90954 | H55: 1.53 | I55: =(H55/100000)*E55 -> 593.7198 | J55: 2.9 | K55: =(J55/100000)*E55 -> 1125.3513 | L55: =(G55/D55)*100000 -> 141.12063 | M55: =(I55*D55)/100000 -> 3428.4706 | N55: =(K55*D55)/100000 -> 6498.4084 | O55: 6.25 | Q55: 3.84 | S55: 9.68 | U55: =(O55*D55)/100000 -> 36.091 | V55: =(Q55*D55)/100000 -> 22.17431 | W55: =(S55*D55)/100000 -> 55.897741 | Z55: =ROUND(F55, 0) & " (" & ROUND(H55, 0) & "-" & ROUND(J55, 0) & ")" -> 2 (2-3) | AA55: =ROUND(L55, 0) & " (" & ROUND(M55, 0) & "-" & ROUND(N55, 0) & ")" -> 141 (3428-6498) | AB55: =ROUND(O55, 0) & " (" & ROUND(Q55, 0) & "-" & ROUND(S55, 0) & ")" -> 6 (4-10) | AC55: =ROUND(U55, 0) & " (" & ROUND(V55, 0) & "-" & ROUND(W55, 0) & ")" -> 36 (22-56)
A56: c | B56: Saudi Arabia | C56: 2040 | D56: =291532+305791 -> 597323 | E56: 44045372 | F56: 2.1 | G56: =(F56/100000)*E56 -> 924.95281 | H56: 1.53 | I56: =(H56/100000)*E56 -> 673.89419 | J56: 2.9 | K56: =(J56/100000)*E56 -> 1277.3158 | L56: =(G56/D56)*100000 -> 154.84969 | M56: =(I56*D56)/100000 -> 4025.325 | N56: =(K56*D56)/100000 -> 7629.701 | O56: 6.25 | Q56: 3.84 | S56: 9.68 | U56: =(O56*D56)/100000 -> 37.332687 | V56: =(Q56*D56)/100000 -> 22.937203 | W56: =(S56*D56)/100000 -> 57.820866 | Z56: =ROUND(F56, 0) & " (" & ROUND(H56, 0) & "-" & ROUND(J56, 0) & ")" -> 2 (2-3) | AA56: =ROUND(L56, 0) & " (" & ROUND(M56, 0) & "-" & ROUND(N56, 0) & ")" -> 155 (4025-7630) | AB56: =ROUND(O56, 0) & " (" & ROUND(Q56, 0) & "-" & ROUND(S56, 0) & ")" -> 6 (4-10) | AC56: =ROUND(U56, 0) & " (" & ROUND(V56, 0) & "-" & ROUND(W56, 0) & ")" -> 37 (23-58)
A57: d | B57: Saudi Arabia | C57: 2050 | D57: =302075+316779 -> 618854 | E57: 49185488 | F57: 2.1 | G57: =(F57/100000)*E57 -> 1032.8952 | H57: 1.53 | I57: =(H57/100000)*E57 -> 752.53797 | J57: 2.9 | K57: =(J57/100000)*E57 -> 1426.3792 | L57: =(G57/D57)*100000 -> 166.90451 | M57: =(I57*D57)/100000 -> 4657.1113 | N57: =(K57*D57)/100000 -> 8827.2044 | O57: 6.25 | P57: =(O57/100000)*E57 -> 3074.093 | Q57: 3.84 | R57: =(Q57/100000)*E57 -> 1888.7227 | S57: 9.68 | T57: =(S57/100000)*E57 -> 4761.1552 | U57: =(O57*D57)/100000 -> 38.678375 | V57: =(Q57*D57)/100000 -> 23.763994 | W57: =(S57*D57)/100000 -> 59.905067
A58: a | B58: Sudan | C58: 2021 | D58: =771073.5+797745.5 -> 1568819 | E58: 48066924 | F58: 3.86 | G58: =(F58/100000)*E58 -> 1855.3833 | H58: 2.9 | I58: =(H58/100000)*E58 -> 1393.9408 | J58: 5.03 | K58: =(J58/100000)*E58 -> 2417.7663 | L58: =(G58/D58)*100000 -> 118.26624 | M58: =(I58/D58)*100000 -> 88.852876 | N58: =(K58/D58)*100000 -> 154.11378 | O58: 12.58 | P58: =(O58/100000)*E58 -> 6046.819 | Q58: 7.75 | R58: =(Q58/100000)*E58 -> 3725.1866 | S58: 20.01 | T58: =(S58/100000)*E58 -> 9618.1915 | U58: =(P58/D58)*100000 -> 385.43765 | V58: =(R58/D58)*100000 -> 237.45165 | W58: =(T58/D58)*100000 -> 613.08484
A59: b | B59: Sudan | C59: 2030 | D59: =837133+862887 -> 1700020 | E59: 58571616 | F59: 3.86 | G59: =(F59/100000)*E59 -> 2260.8644 | H59: 2.9 | I59: =(H59/100000)*E59 -> 1698.5769 | J59: 5.03 | K59: =(J59/100000)*E59 -> 2946.1523 | L59: =(G59/D59)*100000 -> 132.99046 | M59: =(I59*D59)/100000 -> 28876.146 | N59: =(K59*D59)/100000 -> 50085.178 | O59: 12.58 | Q59: 7.75 | S59: 20.01 | U59: =(O59*D59)/100000 -> 213.86252 | V59: =(Q59*D59)/100000 -> 131.75155 | W59: =(S59*D59)/100000 -> 340.174 | Z59: =ROUND(F59, 0) & " (" & ROUND(H59, 0) & "-" & ROUND(J59, 0) & ")" -> 4 (3-5) | AA59: =ROUND(L59, 0) & " (" & ROUND(M59, 0) & "-" & ROUND(N59, 0) & ")" -> 133 (28876-50085) | AB59: =ROUND(O59, 0) & " (" & ROUND(Q59, 0) & "-" & ROUND(S59, 0) & ")" -> 13 (8-20) | AC59: =ROUND(U59, 0) & " (" & ROUND(V59, 0) & "-" & ROUND(W59, 0) & ")" -> 214 (132-340)
A60: c | B60: Sudan | C60: 2040 | D60: =882132+908446 -> 1790578 | E60: 71730599 | F60: 3.86 | G60: =(F60/100000)*E60 -> 2768.8011 | H60: 2.9 | I60: =(H60/100000)*E60 -> 2080.1874 | J60: 5.03 | K60: =(J60/100000)*E60 -> 3608.0491 | L60: =(G60/D60)*100000 -> 154.6317 | M60: =(I60*D60)/100000 -> 37247.377 | N60: =(K60*D60)/100000 -> 64604.934 | O60: 12.58 | Q60: 7.75 | S60: 20.01 | U60: =(O60*D60)/100000 -> 225.25471 | V60: =(Q60*D60)/100000 -> 138.76979 | W60: =(S60*D60)/100000 -> 358.29466 | Z60: =ROUND(F60, 0) & " (" & ROUND(H60, 0) & "-" & ROUND(J60, 0) & ")" -> 4 (3-5) | AA60: =ROUND(L60, 0) & " (" & ROUND(M60, 0) & "-" & ROUND(N60, 0) & ")" -> 155 (37247-64605) | AB60: =ROUND(O60, 0) & " (" & ROUND(Q60, 0) & "-" & ROUND(S60, 0) & ")" -> 13 (8-20) | AC60: =ROUND(U60, 0) & " (" & ROUND(V60, 0) & "-" & ROUND(W60, 0) & ")" -> 225 (139-358)
A61: d | B61: Sudan | C61: 2050 | D61: =949347+977359 -> 1926706 | E61: 85206383 | F61: 3.86 | G61: =(F61/100000)*E61 -> 3288.9664 | H61: 2.9 | I61: =(H61/100000)*E61 -> 2470.9851 | J61: 5.03 | K61: =(J61/100000)*E61 -> 4285.8811 | L61: =(G61/D61)*100000 -> 170.70411 | M61: =(I61*D61)/100000 -> 47608.618 | N61: =(K61*D61)/100000 -> 82576.328 | O61: 12.58 | P61: =(O61/100000)*E61 -> 10718.963 | Q61: 7.75 | R61: =(Q61/100000)*E61 -> 6603.4947 | S61: 20.01 | T61: =(S61/100000)*E61 -> 17049.797 | U61: =(O61*D61)/100000 -> 242.37961 | V61: =(Q61*D61)/100000 -> 149.31972 | W61: =(S61*D61)/100000 -> 385.53387
A62: a | B62: Syrian Arab Republic | C62: 2021 | D62: =216481.5+226945.5 -> 443427 | E62: 48066924 | F62: 1.9 | G62: =(F62/100000)*E62 -> 913.27156 | H62: 1.46 | I62: =(H62/100000)*E62 -> 701.77709 | J62: 2.56 | K62: =(J62/100000)*E62 -> 1230.5133 | L62: =(G62/D62)*100000 -> 205.95759 | M62: =(I62/D62)*100000 -> 158.26215 | N62: =(K62/D62)*100000 -> 277.50075 | O62: 6.37 | P62: =(O62/100000)*E62 -> 3061.8631 | Q62: 4.13 | R62: =(Q62/100000)*E62 -> 1985.164 | S62: 9.51 | T62: =(S62/100000)*E62 -> 4571.1645 | U62: =(P62/D62)*100000 -> 690.49992 | V62: =(R62/D62)*100000 -> 447.68676 | W62: =(T62/D62)*100000 -> 1030.8719
A63: b | B63: Syrian Arab Republic | C63: 2030 | D63: =327245+343169 -> 670414 | E63: 29395540 | F63: 1.9 | G63: =(F63/100000)*E63 -> 558.51526 | H63: 1.46 | I63: =(H63/100000)*E63 -> 429.17488 | J63: 2.56 | K63: =(J63/100000)*E63 -> 752.52582 | L63: =(G63/D63)*100000 -> 83.309009 | M63: =(I63*D63)/100000 -> 2877.2485 | N63: =(K63*D63)/100000 -> 5045.0385 | O63: 6.37 | Q63: 4.13 | S63: 9.51 | U63: =(O63*D63)/100000 -> 42.705372 | V63: =(Q63*D63)/100000 -> 27.688098 | W63: =(S63*D63)/100000 -> 63.756371 | Z63: =ROUND(F63, 0) & " (" & ROUND(H63, 0) & "-" & ROUND(J63, 0) & ")" -> 2 (1-3) | AA63: =ROUND(L63, 0) & " (" & ROUND(M63, 0) & "-" & ROUND(N63, 0) & ")" -> 83 (2877-5045) | AB63: =ROUND(O63, 0) & " (" & ROUND(Q63, 0) & "-" & ROUND(S63, 0) & ")" -> 6 (4-10) | AC63: =ROUND(U63, 0) & " (" & ROUND(V63, 0) & "-" & ROUND(W63, 0) & ")" -> 43 (28-64)
A64: c | B64: Syrian Arab Republic | C64: 2040 | D64: =285980+299993 -> 585973 | E64: 34533185 | F64: 1.9 | G64: =(F64/100000)*E64 -> 656.13051 | H64: 1.46 | I64: =(H64/100000)*E64 -> 504.1845 | J64: 2.56 | K64: =(J64/100000)*E64 -> 884.04954 | L64: =(G64/D64)*100000 -> 111.97282 | M64: =(I64*D64)/100000 -> 2954.385 | N64: =(K64*D64)/100000 -> 5180.2916 | O64: 6.37 | Q64: 4.13 | S64: 9.51 | U64: =(O64*D64)/100000 -> 37.32648 | V64: =(Q64*D64)/100000 -> 24.200685 | W64: =(S64*D64)/100000 -> 55.726032 | Z64: =ROUND(F64, 0) & " (" & ROUND(H64, 0) & "-" & ROUND(J64, 0) & ")" -> 2 (1-3) | AA64: =ROUND(L64, 0) & " (" & ROUND(M64, 0) & "-" & ROUND(N64, 0) & ")" -> 112 (2954-5180) | AB64: =ROUND(O64, 0) & " (" & ROUND(Q64, 0) & "-" & ROUND(S64, 0) & ")" -> 6 (4-10) | AC64: =ROUND(U64, 0) & " (" & ROUND(V64, 0) & "-" & ROUND(W64, 0) & ")" -> 37 (24-56)
A65: d | B65: Syrian Arab Republic | C65: 2050 | D65: =260257+273270 -> 533527 | E65: 37793372 | F65: 1.9 | G65: =(F65/100000)*E65 -> 718.07407 | H65: 1.46 | I65: =(H65/100000)*E65 -> 551.78323 | J65: 2.56 | K65: =(J65/100000)*E65 -> 967.51032 | L65: =(G65/D65)*100000 -> 134.59001 | M65: =(I65*D65)/100000 -> 2943.9125 | N65: =(K65*D65)/100000 -> 5161.9288 | O65: 6.37 | P65: =(O65/100000)*E65 -> 2407.4378 | Q65: 4.13 | R65: =(Q65/100000)*E65 -> 1560.8663 | S65: 9.51 | T65: =(S65/100000)*E65 -> 3594.1497 | U65: =(O65*D65)/100000 -> 33.98567 | V65: =(Q65*D65)/100000 -> 22.034665 | W65: =(S65*D65)/100000 -> 50.738418
A66: a | B66: Tunisia | C66: 2021 | D66: =86258+90752 -> 177010 | E66: 12048622 | F66: 1.93 | G66: =(F66/100000)*E66 -> 232.5384 | H66: 1.48 | I66: =(H66/100000)*E66 -> 178.31961 | J66: 2.58 | K66: =(J66/100000)*E66 -> 310.85445 | L66: =(G66/D66)*100000 -> 131.37021 | M66: =(I66/D66)*100000 -> 100.73985 | N66: =(K66/D66)*100000 -> 175.61406 | O66: 6.08 | P66: =(O66/100000)*E66 -> 732.55622 | Q66: 3.96 | R66: =(Q66/100000)*E66 -> 477.12543 | S66: 8.91 | T66: =(S66/100000)*E66 -> 1073.5322 | U66: =(P66/D66)*100000 -> 413.85019 | V66: =(R66/D66)*100000 -> 269.54716 | W66: =(T66/D66)*100000 -> 606.48111
A67: b | B67: Tunisia | C67: 2030 | D67: =71326+74547 -> 145873 | E67: 12628142 | F67: 1.93 | G67: =(F67/100000)*E67 -> 243.72314 | H67: 1.48 | I67: =(H67/100000)*E67 -> 186.8965 | J67: 2.58 | K67: =(J67/100000)*E67 -> 325.80606 | L67: =(G67/D67)*100000 -> 167.07899 | M67: =(I67*D67)/100000 -> 272.63153 | N67: =(K67*D67)/100000 -> 475.26308 | O67: 6.08 | Q67: 3.96 | S67: 8.91 | U67: =(O67*D67)/100000 -> 8.8690784 | V67: =(Q67*D67)/100000 -> 5.7765708 | W67: =(S67*D67)/100000 -> 12.997284 | Z67: =ROUND(F67, 0) & " (" & ROUND(H67, 0) & "-" & ROUND(J67, 0) & ")" -> 2 (1-3) | AA67: =ROUND(L67, 0) & " (" & ROUND(M67, 0) & "-" & ROUND(N67, 0) & ")" -> 167 (273-475) | AB67: =ROUND(O67, 0) & " (" & ROUND(Q67, 0) & "-" & ROUND(S67, 0) & ")" -> 6 (4-9) | AC67: =ROUND(U67, 0) & " (" & ROUND(V67, 0) & "-" & ROUND(W67, 0) & ")" -> 9 (6-13)
A68: c | B68: Tunisia | C68: 2040 | D68: =72652+75877 -> 148529 | E68: 12953864 | F68: 1.93 | G68: =(F68/100000)*E68 -> 250.00958 | H68: 1.48 | I68: =(H68/100000)*E68 -> 191.71719 | J68: 2.58 | K68: =(J68/100000)*E68 -> 334.20969 | L68: =(G68/D68)*100000 -> 168.32375 | M68: =(I68*D68)/100000 -> 284.75562 | N68: =(K68*D68)/100000 -> 496.39831 | O68: 6.08 | Q68: 3.96 | S68: 8.91 | U68: =(O68*D68)/100000 -> 9.0305632 | V68: =(Q68*D68)/100000 -> 5.8817484 | W68: =(S68*D68)/100000 -> 13.233934 | Z68: =ROUND(F68, 0) & " (" & ROUND(H68, 0) & "-" & ROUND(J68, 0) & ")" -> 2 (1-3) | AA68: =ROUND(L68, 0) & " (" & ROUND(M68, 0) & "-" & ROUND(N68, 0) & ")" -> 168 (285-496) | AB68: =ROUND(O68, 0) & " (" & ROUND(Q68, 0) & "-" & ROUND(S68, 0) & ")" -> 6 (4-9) | AC68: =ROUND(U68, 0) & " (" & ROUND(V68, 0) & "-" & ROUND(W68, 0) & ")" -> 9 (6-13)
A69: d | B69: Tunisia | C69: 2050 | D69: =71659+74896 -> 146555 | E69: 13145141 | F69: 1.93 | G69: =(F69/100000)*E69 -> 253.70122 | H69: 1.48 | I69: =(H69/100000)*E69 -> 194.54809 | J69: 2.58 | K69: =(J69/100000)*E69 -> 339.14464 | L69: =(G69/D69)*100000 -> 173.1099 | M69: =(I69*D69)/100000 -> 285.11995 | N69: =(K69*D69)/100000 -> 497.03342 | O69: 6.08 | P69: =(O69/100000)*E69 -> 799.22457 | Q69: 3.96 | R69: =(Q69/100000)*E69 -> 520.54758 | S69: 8.91 | T69: =(S69/100000)*E69 -> 1171.2321 | U69: =(O69*D69)/100000 -> 8.910544 | V69: =(Q69*D69)/100000 -> 5.803578 | W69: =(S69*D69)/100000 -> 13.058051
A70: a | B70: Turkiye | C70: 2021 | D70: =568194+592781.5 -> 1160975.5 | E70: 84147318 | F70: 2.03 | G70: =(F70/100000)*E70 -> 1708.1906 | H70: 1.66 | I70: =(H70/100000)*E70 -> 1396.8455 | J70: 3.07 | K70: =(J70/100000)*E70 -> 2583.3227 | L70: =(G70/D70)*100000 -> 147.13407 | M70: =(I70/D70)*100000 -> 120.31653 | N70: =(K70/D70)*100000 -> 222.51311 | O70: 5.39 | P70: =(O70/100000)*E70 -> 4535.5404 | Q70: 3.78 | R70: =(Q70/100000)*E70 -> 3180.7686 | S70: 7.64 | T70: =(S70/100000)*E70 -> 6428.8551 | U70: =(P70/D70)*100000 -> 390.66634 | V70: =(R70/D70)*100000 -> 273.97379 | W70: =(T70/D70)*100000 -> 553.74597
A71: b | B71: Turkiye | C71: 2030 | D71: =490176+513619 -> 1003795 | E71: 87060008 | F71: 2.03 | G71: =(F71/100000)*E71 -> 1767.3182 | H71: 1.66 | I71: =(H71/100000)*E71 -> 1445.1961 | J71: 3.07 | K71: =(J71/100000)*E71 -> 2672.7422 | L71: =(G71/D71)*100000 -> 176.06365 | M71: =(I71*D71)/100000 -> 14506.807 | N71: =(K71*D71)/100000 -> 26828.853 | O71: 5.39 | Q71: 3.78 | S71: 7.64 | U71: =(O71*D71)/100000 -> 54.104551 | V71: =(Q71*D71)/100000 -> 37.943451 | W71: =(S71*D71)/100000 -> 76.689938 | Z71: =ROUND(F71, 0) & " (" & ROUND(H71, 0) & "-" & ROUND(J71, 0) & ")" -> 2 (2-3) | AA71: =ROUND(L71, 0) & " (" & ROUND(M71, 0) & "-" & ROUND(N71, 0) & ")" -> 176 (14507-26829) | AB71: =ROUND(O71, 0) & " (" & ROUND(Q71, 0) & "-" & ROUND(S71, 0) & ")" -> 5 (4-8) | AC71: =ROUND(U71, 0) & " (" & ROUND(V71, 0) & "-" & ROUND(W71, 0) & ")" -> 54 (38-77)
A72: c | B72: Turkiye | C72: 2040 | D72: =457839+479622 -> 937461 | E72: 88876672 | F72: 2.03 | G72: =(F72/100000)*E72 -> 1804.1964 | H72: 1.66 | I72: =(H72/100000)*E72 -> 1475.3528 | J72: 3.07 | K72: =(J72/100000)*E72 -> 2728.5138 | L72: =(G72/D72)*100000 -> 192.45563 | M72: =(I72*D72)/100000 -> 13830.857 | N72: =(K72*D72)/100000 -> 25578.753 | O72: 5.39 | Q72: 3.78 | S72: 7.64 | U72: =(O72*D72)/100000 -> 50.529148 | V72: =(Q72*D72)/100000 -> 35.436026 | W72: =(S72*D72)/100000 -> 71.62202 | Z72: =ROUND(F72, 0) & " (" & ROUND(H72, 0) & "-" & ROUND(J72, 0) & ")" -> 2 (2-3) | AA72: =ROUND(L72, 0) & " (" & ROUND(M72, 0) & "-" & ROUND(N72, 0) & ")" -> 192 (13831-25579) | AB72: =ROUND(O72, 0) & " (" & ROUND(Q72, 0) & "-" & ROUND(S72, 0) & ")" -> 5 (4-8) | AC72: =ROUND(U72, 0) & " (" & ROUND(V72, 0) & "-" & ROUND(W72, 0) & ")" -> 51 (35-72)
A73: d | B73: Turkiye | C73: 2050 | D73: =415696+435490 -> 851186 | E73: 88959016 | F73: 2.03 | G73: =(F73/100000)*E73 -> 1805.868 | H73: 1.66 | I73: =(H73/100000)*E73 -> 1476.7197 | J73: 3.07 | K73: =(J73/100000)*E73 -> 2731.0418 | L73: =(G73/D73)*100000 -> 212.15904 | M73: =(I73*D73)/100000 -> 12569.631 | N73: =(K73*D73)/100000 -> 23246.245 | O73: 5.39 | P73: =(O73/100000)*E73 -> 4794.891 | Q73: 3.78 | R73: =(Q73/100000)*E73 -> 3362.6508 | S73: 7.64 | T73: =(S73/100000)*E73 -> 6796.4688 | U73: =(O73*D73)/100000 -> 45.878925 | V73: =(Q73*D73)/100000 -> 32.174831 | W73: =(S73*D73)/100000 -> 65.03061
A74: a | B74: United Arab Emirates | C74: 2021 | D74: =50428.5+52755.5 -> 103184 | E74: 9575152 | F74: 1 | G74: =(F74/100000)*E74 -> 95.75152 | H74: 0.71 | I74: =(H74/100000)*E74 -> 67.983579 | J74: 1.46 | K74: =(J74/100000)*E74 -> 139.79722 | L74: =(G74/D74)*100000 -> 92.796868 | M74: =(I74/D74)*100000 -> 65.885776 | N74: =(K74/D74)*100000 -> 135.48343 | O74: 3.96 | P74: =(O74/100000)*E74 -> 379.17602 | Q74: 2.41 | R74: =(Q74/100000)*E74 -> 230.76116 | S74: 6.18 | T74: =(S74/100000)*E74 -> 591.74439 | U74: =(P74/D74)*100000 -> 367.4756 | V74: =(R74/D74)*100000 -> 223.64045 | W74: =(T74/D74)*100000 -> 573.48464
A75: b | B75: United Arab Emirates | C75: 2030 | D75: =68352+70233 -> 138585 | E75: 11883689 | F75: 1 | G75: =(F75/100000)*E75 -> 118.83689 | H75: 0.71 | I75: =(H75/100000)*E75 -> 84.374192 | J75: 1.46 | K75: =(J75/100000)*E75 -> 173.50186 | L75: =(G75/D75)*100000 -> 85.750182 | M75: =(I75*D75)/100000 -> 116.92997 | N75: =(K75*D75)/100000 -> 240.44755 | O75: 3.96 | Q75: 2.41 | S75: 6.18 | U75: =(O75*D75)/100000 -> 5.487966 | V75: =(Q75*D75)/100000 -> 3.3398985 | W75: =(S75*D75)/100000 -> 8.564553 | Z75: =ROUND(F75, 0) & " (" & ROUND(H75, 0) & "-" & ROUND(J75, 0) & ")" -> 1 (1-1) | AA75: =ROUND(L75, 0) & " (" & ROUND(M75, 0) & "-" & ROUND(N75, 0) & ")" -> 86 (117-240) | AB75: =ROUND(O75, 0) & " (" & ROUND(Q75, 0) & "-" & ROUND(S75, 0) & ")" -> 4 (2-6) | AC75: =ROUND(U75, 0) & " (" & ROUND(V75, 0) & "-" & ROUND(W75, 0) & ")" -> 5 (3-9)
A76: c | B76: United Arab Emirates | C76: 2040 | D76: =82150+84480 -> 166630 | E76: 13348741 | F76: 1 | G76: =(F76/100000)*E76 -> 133.48741 | H76: 0.71 | I76: =(H76/100000)*E76 -> 94.776061 | J76: 1.46 | K76: =(J76/100000)*E76 -> 194.89162 | L76: =(G76/D76)*100000 -> 80.11007 | M76: =(I76*D76)/100000 -> 157.92535 | N76: =(K76*D76)/100000 -> 324.7479 | O76: 3.96 | Q76: 2.41 | S76: 6.18 | U76: =(O76*D76)/100000 -> 6.598548 | V76: =(Q76*D76)/100000 -> 4.015783 | W76: =(S76*D76)/100000 -> 10.297734 | Z76: =ROUND(F76, 0) & " (" & ROUND(H76, 0) & "-" & ROUND(J76, 0) & ")" -> 1 (1-1) | AA76: =ROUND(L76, 0) & " (" & ROUND(M76, 0) & "-" & ROUND(N76, 0) & ")" -> 80 (158-325) | AB76: =ROUND(O76, 0) & " (" & ROUND(Q76, 0) & "-" & ROUND(S76, 0) & ")" -> 4 (2-6) | AC76: =ROUND(U76, 0) & " (" & ROUND(V76, 0) & "-" & ROUND(W76, 0) & ")" -> 7 (4-10)
A77: d | B77: United Arab Emirates | C77: 2050 | D77: =88542+90990 -> 179532 | E77: 14989780 | F77: 1 | G77: =(F77/100000)*E77 -> 149.8978 | H77: 0.71 | I77: =(H77/100000)*E77 -> 106.42744 | J77: 1.46 | K77: =(J77/100000)*E77 -> 218.85079 | L77: =(G77/D77)*100000 -> 83.493639 | M77: =(I77*D77)/100000 -> 191.07131 | N77: =(K77*D77)/100000 -> 392.9072 | O77: 3.96 | P77: =(O77/100000)*E77 -> 593.59529 | Q77: 2.41 | R77: =(Q77/100000)*E77 -> 361.2537 | S77: 6.18 | T77: =(S77/100000)*E77 -> 926.3684 | U77: =(O77*D77)/100000 -> 7.1094672 | V77: =(Q77*D77)/100000 -> 4.3267212 | W77: =(S77*D77)/100000 -> 11.095078
A78: a | B78: Yemen | C78: 2021 | D78: =619143.5+651971.5 -> 1271115 | E78: 37140230 | F78: 4.06 | G78: =(F78/100000)*E78 -> 1507.8933 | H78: 3.12 | I78: =(H78/100000)*E78 -> 1158.7752 | J78: 5.31 | K78: =(J78/100000)*E78 -> 1972.1462 | L78: =(G78/D78)*100000 -> 118.62761 | M78: =(I78/D78)*100000 -> 91.162104 | N78: =(K78/D78)*100000 -> 155.15089 | O78: 25.37 | P78: =(O78/100000)*E78 -> 9422.4764 | Q78: 8.87 | R78: =(Q78/100000)*E78 -> 3294.3384 | S78: 89.1 | T78: =(S78/100000)*E78 -> 33091.945 | U78: =(P78/D78)*100000 -> 741.27647 | V78: =(R78/D78)*100000 -> 259.16919 | W78: =(T78/D78)*100000 -> 2603.3793
A79: b | B79: Yemen | C79: 2030 | D79: =670735+705800 -> 1376535 | E79: 47667662 | F79: 4.06 | G79: =(F79/100000)*E79 -> 1935.3071 | H79: 3.12 | I79: =(H79/100000)*E79 -> 1487.2311 | J79: 5.31 | K79: =(J79/100000)*E79 -> 2531.1529 | L79: =(G79/D79)*100000 -> 140.59265 | M79: =(I79*D79)/100000 -> 20472.256 | N79: =(K79*D79)/100000 -> 34842.205 | O79: 25.37 | Q79: 8.87 | S79: 89.1 | U79: =(O79*D79)/100000 -> 349.22693 | V79: =(Q79*D79)/100000 -> 122.09865 | W79: =(S79*D79)/100000 -> 1226.4927 | Z79: =ROUND(F79, 0) & " (" & ROUND(H79, 0) & "-" & ROUND(J79, 0) & ")" -> 4 (3-5) | AA79: =ROUND(L79, 0) & " (" & ROUND(M79, 0) & "-" & ROUND(N79, 0) & ")" -> 141 (20472-34842) | AB79: =ROUND(O79, 0) & " (" & ROUND(Q79, 0) & "-" & ROUND(S79, 0) & ")" -> 25 (9-89) | AC79: =ROUND(U79, 0) & " (" & ROUND(V79, 0) & "-" & ROUND(W79, 0) & ")" -> 349 (122-1226)
A80: c | B80: Yemen | C80: 2040 | D80: =704209+740564 -> 1444773 | E80: 59181526 | F80: 4.06 | G80: =(F80/100000)*E80 -> 2402.77 | H80: 3.12 | I80: =(H80/100000)*E80 -> 1846.4636 | J80: 5.31 | K80: =(J80/100000)*E80 -> 3142.539 | L80: =(G80/D80)*100000 -> 166.30778 | M80: =(I80*D80)/100000 -> 26677.208 | N80: =(K80*D80)/100000 -> 45402.555 | O80: 25.37 | Q80: 8.87 | S80: 89.1 | U80: =(O80*D80)/100000 -> 366.53891 | V80: =(Q80*D80)/100000 -> 128.15137 | W80: =(S80*D80)/100000 -> 1287.2927 | Z80: =ROUND(F80, 0) & " (" & ROUND(H80, 0) & "-" & ROUND(J80, 0) & ")" -> 4 (3-5) | AA80: =ROUND(L80, 0) & " (" & ROUND(M80, 0) & "-" & ROUND(N80, 0) & ")" -> 166 (26677-45403) | AB80: =ROUND(O80, 0) & " (" & ROUND(Q80, 0) & "-" & ROUND(S80, 0) & ")" -> 25 (9-89) | AC80: =ROUND(U80, 0) & " (" & ROUND(V80, 0) & "-" & ROUND(W80, 0) & ")" -> 367 (128-1287)
A81: d | B81: Yemen | C81: 2050 | D81: =762677+801902 -> 1564579 | E81: 70976403 | F81: 4.06 | G81: =(F81/100000)*E81 -> 2881.642 | H81: 3.12 | I81: =(H81/100000)*E81 -> 2214.4638 | J81: 5.31 | K81: =(J81/100000)*E81 -> 3768.847 | L81: =(G81/D81)*100000 -> 184.18002 | M81: =(I81*D81)/100000 -> 34647.035 | N81: =(K81*D81)/100000 -> 58966.589 | O81: 25.37 | P81: =(O81/100000)*E81 -> 18006.713 | Q81: 8.87 | R81: =(Q81/100000)*E81 -> 6295.6069 | S81: 89.1 | T81: =(S81/100000)*E81 -> 63239.975 | U81: =(O81*D81)/100000 -> 396.93369 | V81: =(Q81*D81)/100000 -> 138.77816 | W81: =(S81*D81)/100000 -> 1394.0399
A82: a | B82: Bangladesh | C82: 2021 | D82: =1631615+1712434.5 -> 3344049.5 | E82: 167658854 | F82: 3.92 | G82: =(F82/100000)*E82 -> 6572.2271 | H82: 2.73 | I82: =(H82/100000)*E82 -> 4577.0867 | J82: 5.39 | K82: =(J82/100000)*E82 -> 9036.8122 | L82: =(G82/D82)*100000 -> 196.53498 | M82: =(I82/D82)*100000 -> 136.87258 | N82: =(K82/D82)*100000 -> 270.2356 | O82: 7.97 | P82: =(O82/100000)*E82 -> 13362.411 | Q82: 4.98 | R82: =(Q82/100000)*E82 -> 8349.4109 | S82: 12.4 | T82: =(S82/100000)*E82 -> 20789.698 | U82: =(P82/D82)*100000 -> 399.58771 | V82: =(R82/D82)*100000 -> 249.67965 | W82: =(T82/D82)*100000 -> 621.69229
A83: b | B83: Bangladesh | C83: 2030 | D83: =1580072+1653959 -> 3234031 | E83: 186072407 | F83: 3.92 | G83: =(F83/100000)*E83 -> 7294.0384 | H83: 2.73 | I83: =(H83/100000)*E83 -> 5079.7767 | J83: 5.39 | K83: =(J83/100000)*E83 -> 10029.303 | L83: =(G83/D83)*100000 -> 225.54015 | M83: =(I83*D83)/100000 -> 164281.55 | N83: =(K83*D83)/100000 -> 324350.76 | O83: 7.97 | Q83: 4.98 | S83: 12.4 | U83: =(O83*D83)/100000 -> 257.75227 | V83: =(Q83*D83)/100000 -> 161.05474 | W83: =(S83*D83)/100000 -> 401.01984 | Z83: =ROUND(F83, 0) & " (" & ROUND(H83, 0) & "-" & ROUND(J83, 0) & ")" -> 4 (3-5) | AA83: =ROUND(L83, 0) & " (" & ROUND(M83, 0) & "-" & ROUND(N83, 0) & ")" -> 226 (164282-324351) | AB83: =ROUND(O83, 0) & " (" & ROUND(Q83, 0) & "-" & ROUND(S83, 0) & ")" -> 8 (5-12) | AC83: =ROUND(U83, 0) & " (" & ROUND(V83, 0) & "-" & ROUND(W83, 0) & ")" -> 258 (161-401)
A84: c | B84: Bangladesh | C84: 2040 | D84: =1383470+1447859 -> 2831329 | E84: 202589429 | F84: 3.92 | G84: =(F84/100000)*E84 -> 7941.5056 | H84: 2.73 | I84: =(H84/100000)*E84 -> 5530.6914 | J84: 5.39 | K84: =(J84/100000)*E84 -> 10919.57 | L84: =(G84/D84)*100000 -> 280.48685 | M84: =(I84*D84)/100000 -> 156592.07 | N84: =(K84*D84)/100000 -> 309168.96 | O84: 7.97 | Q84: 4.98 | S84: 12.4 | U84: =(O84*D84)/100000 -> 225.65692 | V84: =(Q84*D84)/100000 -> 141.00018 | W84: =(S84*D84)/100000 -> 351.0848 | Z84: =ROUND(F84, 0) & " (" & ROUND(H84, 0) & "-" & ROUND(J84, 0) & ")" -> 4 (3-5) | AA84: =ROUND(L84, 0) & " (" & ROUND(M84, 0) & "-" & ROUND(N84, 0) & ")" -> 280 (156592-309169) | AB84: =ROUND(O84, 0) & " (" & ROUND(Q84, 0) & "-" & ROUND(S84, 0) & ")" -> 8 (5-12) | AC84: =ROUND(U84, 0) & " (" & ROUND(V84, 0) & "-" & ROUND(W84, 0) & ")" -> 226 (141-351)
A85: d | B85: Bangladesh | C85: 2050 | D85: =1327424+1390039 -> 2717463 | E85: 214709097 | F85: 3.92 | G85: =(F85/100000)*E85 -> 8416.5966 | H85: 2.73 | I85: =(H85/100000)*E85 -> 5861.5583 | J85: 5.39 | K85: =(J85/100000)*E85 -> 11572.82 | L85: =(G85/D85)*100000 -> 309.72258 | M85: =(I85*D85)/100000 -> 159285.68 | N85: =(K85*D85)/100000 -> 314487.11 | O85: 7.97 | P85: =(O85/100000)*E85 -> 17112.315 | Q85: 4.98 | R85: =(Q85/100000)*E85 -> 10692.513 | S85: 12.4 | T85: =(S85/100000)*E85 -> 26623.928 | U85: =(O85*D85)/100000 -> 216.5818 | V85: =(Q85*D85)/100000 -> 135.32966 | W85: =(S85*D85)/100000 -> 336.96541
A86: a | B86: Bhutan | C86: 2021 | D86: =4795+5007 -> 9802 | E86: 775442 | F86: 4.58 | G86: =(F86/100000)*E86 -> 35.515244 | H86: 3.21 | I86: =(H86/100000)*E86 -> 24.891688 | J86: 6.44 | K86: =(J86/100000)*E86 -> 49.938465 | L86: =(G86/D86)*100000 -> 362.3265 | M86: =(I86/D86)*100000 -> 253.94499 | N86: =(K86/D86)*100000 -> 509.4722 | O86: 7.83 | P86: =(O86/100000)*E86 -> 60.717109 | Q86: 4.67 | R86: =(Q86/100000)*E86 -> 36.213141 | S86: 12.86 | T86: =(S86/100000)*E86 -> 99.721841 | U86: =(P86/D86)*100000 -> 619.43592 | V86: =(R86/D86)*100000 -> 369.44645 | W86: =(T86/D86)*100000 -> 1017.3622
A87: b | B87: Bhutan | C87: 2030 | D87: =4652+4865 -> 9517 | E87: 820694 | F87: 4.58 | G87: =(F87/100000)*E87 -> 37.587785 | H87: 3.21 | I87: =(H87/100000)*E87 -> 26.344277 | J87: 6.44 | K87: =(J87/100000)*E87 -> 52.852694 | L87: =(G87/D87)*100000 -> 394.95414 | M87: =(I87*D87)/100000 -> 2.5071849 | N87: =(K87*D87)/100000 -> 5.0299908 | O87: 7.83 | Q87: 4.67 | S87: 12.86 | U87: =(O87*D87)/100000 -> 0.7451811 | V87: =(Q87*D87)/100000 -> 0.4444439 | W87: =(S87*D87)/100000 -> 1.2238862 | Z87: =ROUND(F87, 0) & " (" & ROUND(H87, 0) & "-" & ROUND(J87, 0) & ")" -> 5 (3-6) | AA87: =ROUND(L87, 0) & " (" & ROUND(M87, 0) & "-" & ROUND(N87, 0) & ")" -> 395 (3-5) | AB87: =ROUND(O87, 0) & " (" & ROUND(Q87, 0) & "-" & ROUND(S87, 0) & ")" -> 8 (5-13) | AC87: =ROUND(U87, 0) & " (" & ROUND(V87, 0) & "-" & ROUND(W87, 0) & ")" -> 1 (0-1)
A88: c | B88: Bhutan | C88: 2040 | D88: =4406+4612 -> 9018 | E88: 862129 | F88: 4.58 | G88: =(F88/100000)*E88 -> 39.485508 | H88: 3.21 | I88: =(H88/100000)*E88 -> 27.674341 | J88: 6.44 | K88: =(J88/100000)*E88 -> 55.521108 | L88: =(G88/D88)*100000 -> 437.85216 | M88: =(I88*D88)/100000 -> 2.4956721 | N88: =(K88*D88)/100000 -> 5.0068935 | O88: 7.83 | Q88: 4.67 | S88: 12.86 | U88: =(O88*D88)/100000 -> 0.7061094 | V88: =(Q88*D88)/100000 -> 0.4211406 | W88: =(S88*D88)/100000 -> 1.1597148 | Z88: =ROUND(F88, 0) & " (" & ROUND(H88, 0) & "-" & ROUND(J88, 0) & ")" -> 5 (3-6) | AA88: =ROUND(L88, 0) & " (" & ROUND(M88, 0) & "-" & ROUND(N88, 0) & ")" -> 438 (2-5) | AB88: =ROUND(O88, 0) & " (" & ROUND(Q88, 0) & "-" & ROUND(S88, 0) & ")" -> 8 (5-13) | AC88: =ROUND(U88, 0) & " (" & ROUND(V88, 0) & "-" & ROUND(W88, 0) & ")" -> 1 (0-1)
A89: d | B89: Bhutan | C89: 2050 | D89: =3776+3959 -> 7735 | E89: 882340 | F89: 4.58 | G89: =(F89/100000)*E89 -> 40.411172 | H89: 3.21 | I89: =(H89/100000)*E89 -> 28.323114 | J89: 6.44 | K89: =(J89/100000)*E89 -> 56.822696 | L89: =(G89/D89)*100000 -> 522.44566 | M89: =(I89*D89)/100000 -> 2.1907929 | N89: =(K89*D89)/100000 -> 4.3952355 | O89: 7.83 | P89: =(O89/100000)*E89 -> 69.087222 | Q89: 4.67 | R89: =(Q89/100000)*E89 -> 41.205278 | S89: 12.86 | T89: =(S89/100000)*E89 -> 113.46892 | U89: =(O89*D89)/100000 -> 0.6056505 | V89: =(Q89*D89)/100000 -> 0.3612245 | W89: =(S89*D89)/100000 -> 0.994721
A90: a | B90: India | C90: 2021 | D90: =11012379+11862038 -> 22874417 | E90: 1414203896 | F90: 2.47 | G90: =(F90/100000)*E90 -> 34930.836 | H90: 1.8 | I90: =(H90/100000)*E90 -> 25455.67 | J90: 3.37 | K90: =(J90/100000)*E90 -> 47658.671 | L90: =(G90/D90)*100000 -> 152.707 | M90: =(I90/D90)*100000 -> 111.28445 | N90: =(K90/D90)*100000 -> 208.34923 | O90: 5.72 | P90: =(O90/100000)*E90 -> 80892.463 | Q90: 3.55 | R90: =(Q90/100000)*E90 -> 50204.238 | S90: 9.04 | T90: =(S90/100000)*E90 -> 127844.03 | U90: =(P90/D90)*100000 -> 353.63727 | V90: =(R90/D90)*100000 -> 219.47767 | W90: =(T90/D90)*100000 -> 558.89526
A91: b | B91: India | C91: 2030 | D91: =10792760+11432189 -> 22224949 | E91: 1525138844 | F91: 2.47 | G91: =(F91/100000)*E91 -> 37670.929 | H91: 1.8 | I91: =(H91/100000)*E91 -> 27452.499 | J91: 3.37 | K91: =(J91/100000)*E91 -> 51397.179 | L91: =(G91/D91)*100000 -> 169.49838 | M91: =(I91*D91)/100000 -> 6101303.9 | N91: =(K91*D91)/100000 -> 11422997 | O91: 5.72 | Q91: 3.55 | S91: 9.04 | U91: =(O91*D91)/100000 -> 1271.2671 | V91: =(Q91*D91)/100000 -> 788.98569 | W91: =(S91*D91)/100000 -> 2009.1354 | Z91: =ROUND(F91, 0) & " (" & ROUND(H91, 0) & "-" & ROUND(J91, 0) & ")" -> 2 (2-3) | AA91: =ROUND(L91, 0) & " (" & ROUND(M91, 0) & "-" & ROUND(N91, 0) & ")" -> 169 (6101304-11422997) | AB91: =ROUND(O91, 0) & " (" & ROUND(Q91, 0) & "-" & ROUND(S91, 0) & ")" -> 6 (4-9) | AC91: =ROUND(U91, 0) & " (" & ROUND(V91, 0) & "-" & ROUND(W91, 0) & ")" -> 1271 (789-2009)
A92: c | B92: India | C92: 2040 | D92: =10043329+10562288 -> 20605617 | E92: 1622580039 | F92: 2.47 | G92: =(F92/100000)*E92 -> 40077.727 | H92: 1.8 | I92: =(H92/100000)*E92 -> 29206.441 | J92: 3.37 | K92: =(J92/100000)*E92 -> 54680.947 | L92: =(G92/D92)*100000 -> 194.49904 | M92: =(I92*D92)/100000 -> 6018167.3 | N92: =(K92*D92)/100000 -> 11267347 | O92: 5.72 | Q92: 3.55 | S92: 9.04 | U92: =(O92*D92)/100000 -> 1178.6413 | V92: =(Q92*D92)/100000 -> 731.4994 | W92: =(S92*D92)/100000 -> 1862.7478 | Z92: =ROUND(F92, 0) & " (" & ROUND(H92, 0) & "-" & ROUND(J92, 0) & ")" -> 2 (2-3) | AA92: =ROUND(L92, 0) & " (" & ROUND(M92, 0) & "-" & ROUND(N92, 0) & ")" -> 194 (6018167-11267347) | AB92: =ROUND(O92, 0) & " (" & ROUND(Q92, 0) & "-" & ROUND(S92, 0) & ")" -> 6 (4-9) | AC92: =ROUND(U92, 0) & " (" & ROUND(V92, 0) & "-" & ROUND(W92, 0) & ")" -> 1179 (731-1863)
A93: d | B93: India | C93: 2050 | D93: =9200381+9666706 -> 18867087 | E93: 1679589259 | F93: 2.47 | G93: =(F93/100000)*E93 -> 41485.855 | H93: 1.8 | I93: =(H93/100000)*E93 -> 30232.607 | J93: 3.37 | K93: =(J93/100000)*E93 -> 56602.158 | L93: =(G93/D93)*100000 -> 219.88479 | M93: =(I93*D93)/100000 -> 5704012.2 | N93: =(K93*D93)/100000 -> 10679178 | O93: 5.72 | P93: =(O93/100000)*E93 -> 96072.506 | Q93: 3.55 | R93: =(Q93/100000)*E93 -> 59625.419 | S93: 9.04 | T93: =(S93/100000)*E93 -> 151834.87 | U93: =(O93*D93)/100000 -> 1079.1974 | V93: =(Q93*D93)/100000 -> 669.78159 | W93: =(S93*D93)/100000 -> 1705.5847
A94: a | B94: Nepal | C94: 2021 | D94: =276681.5+289859 -> 566540.5 | E94: 29475010 | F94: 4.48 | G94: =(F94/100000)*E94 -> 1320.4804 | H94: 3.21 | I94: =(H94/100000)*E94 -> 946.14782 | J94: 6.21 | K94: =(J94/100000)*E94 -> 1830.3981 | L94: =(G94/D94)*100000 -> 233.07786 | M94: =(I94/D94)*100000 -> 167.00445 | N94: =(K94/D94)*100000 -> 323.08337 | O94: 7.8 | P94: =(O94/100000)*E94 -> 2299.0508 | Q94: 4.65 | R94: =(Q94/100000)*E94 -> 1370.588 | S94: 12.36 | T94: =(S94/100000)*E94 -> 3643.1112 | U94: =(P94/D94)*100000 -> 405.80519 | V94: =(R94/D94)*100000 -> 241.92233 | W94: =(T94/D94)*100000 -> 643.04515
A95: b | B95: Nepal | C95: 2030 | D95: =250788+261549 -> 512337 | E95: 30509996 | F95: 4.48 | G95: =(F95/100000)*E95 -> 1366.8478 | H95: 3.21 | I95: =(H95/100000)*E95 -> 979.37087 | J95: 6.21 | K95: =(J95/100000)*E95 -> 1894.6708 | L95: =(G95/D95)*100000 -> 266.78687 | M95: =(I95*D95)/100000 -> 5017.6793 | N95: =(K95*D95)/100000 -> 9707.0993 | O95: 7.8 | Q95: 4.65 | S95: 12.36 | U95: =(O95*D95)/100000 -> 39.962286 | V95: =(Q95*D95)/100000 -> 23.82367 | W95: =(S95*D95)/100000 -> 63.324853 | Z95: =ROUND(F95, 0) & " (" & ROUND(H95, 0) & "-" & ROUND(J95, 0) & ")" -> 4 (3-6) | AA95: =ROUND(L95, 0) & " (" & ROUND(M95, 0) & "-" & ROUND(N95, 0) & ")" -> 267 (5018-9707) | AB95: =ROUND(O95, 0) & " (" & ROUND(Q95, 0) & "-" & ROUND(S95, 0) & ")" -> 8 (5-12) | AC95: =ROUND(U95, 0) & " (" & ROUND(V95, 0) & "-" & ROUND(W95, 0) & ")" -> 40 (24-63)
A96: c | B96: Nepal | C96: 2040 | D96: =227694+237303 -> 464997 | E96: 32909537 | F96: 4.48 | G96: =(F96/100000)*E96 -> 1474.3473 | H96: 3.21 | I96: =(H96/100000)*E96 -> 1056.3961 | J96: 6.21 | K96: =(J96/100000)*E96 -> 2043.6822 | L96: =(G96/D96)*100000 -> 317.06597 | M96: =(I96*D96)/100000 -> 4912.2103 | N96: =(K96*D96)/100000 -> 9503.0611 | O96: 7.8 | Q96: 4.65 | S96: 12.36 | U96: =(O96*D96)/100000 -> 36.269766 | V96: =(Q96*D96)/100000 -> 21.62236 | W96: =(S96*D96)/100000 -> 57.473629 | Z96: =ROUND(F96, 0) & " (" & ROUND(H96, 0) & "-" & ROUND(J96, 0) & ")" -> 4 (3-6) | AA96: =ROUND(L96, 0) & " (" & ROUND(M96, 0) & "-" & ROUND(N96, 0) & ")" -> 317 (4912-9503) | AB96: =ROUND(O96, 0) & " (" & ROUND(Q96, 0) & "-" & ROUND(S96, 0) & ")" -> 8 (5-12) | AC96: =ROUND(U96, 0) & " (" & ROUND(V96, 0) & "-" & ROUND(W96, 0) & ")" -> 36 (22-57)
A97: d | B97: Nepal | C97: 2050 | D97: =210639+219686 -> 430325 | E97: 34642027 | F97: 4.48 | G97: =(F97/100000)*E97 -> 1551.9628 | H97: 3.21 | I97: =(H97/100000)*E97 -> 1112.0091 | J97: 6.21 | K97: =(J97/100000)*E97 -> 2151.2699 | L97: =(G97/D97)*100000 -> 360.649 | M97: =(I97*D97)/100000 -> 4785.253 | N97: =(K97*D97)/100000 -> 9257.4521 | O97: 7.8 | P97: =(O97/100000)*E97 -> 2702.0781 | Q97: 4.65 | R97: =(Q97/100000)*E97 -> 1610.8543 | S97: 12.36 | T97: =(S97/100000)*E97 -> 4281.7545 | U97: =(O97*D97)/100000 -> 33.56535 | V97: =(Q97*D97)/100000 -> 20.010113 | W97: =(S97*D97)/100000 -> 53.18817
A98: a | B98: Pakistan | C98: 2021 | D98: =3157617+3309949.5 -> 6467566.5 | E98: 239477801 | F98: 6.01 | G98: =(F98/100000)*E98 -> 14392.616 | H98: 4.57 | I98: =(H98/100000)*E98 -> 10944.136 | J98: 8.05 | K98: =(J98/100000)*E98 -> 19277.963 | L98: =(G98/D98)*100000 -> 222.53526 | M98: =(I98/D98)*100000 -> 169.21566 | N98: =(K98/D98)*100000 -> 298.07135 | O98: 11.08 | P98: =(O98/100000)*E98 -> 26534.14 | Q98: 6.51 | R98: =(Q98/100000)*E98 -> 15590.005 | S98: 19.21 | T98: =(S98/100000)*E98 -> 46003.686 | U98: =(P98/D98)*100000 -> 410.26467 | V98: =(R98/D98)*100000 -> 241.04901 | W98: =(T98/D98)*100000 -> 711.29822
A99: b | B99: Pakistan | C99: 2030 | D99: =3342220+3497283 -> 6839503 | E99: 276883255 | F99: 6.01 | G99: =(F99/100000)*E99 -> 16640.684 | H99: 4.57 | I99: =(H99/100000)*E99 -> 12653.565 | J99: 8.05 | K99: =(J99/100000)*E99 -> 22289.102 | L99: =(G99/D99)*100000 -> 243.30253 | M99: =(I99*D99)/100000 -> 865440.94 | N99: =(K99*D99)/100000 -> 1524463.8 | O99: 11.08 | Q99: 6.51 | S99: 19.21 | U99: =(O99*D99)/100000 -> 757.81693 | V99: =(Q99*D99)/100000 -> 445.25165 | W99: =(S99*D99)/100000 -> 1313.8685 | Z99: =ROUND(F99, 0) & " (" & ROUND(H99, 0) & "-" & ROUND(J99, 0) & ")" -> 6 (5-8) | AA99: =ROUND(L99, 0) & " (" & ROUND(M99, 0) & "-" & ROUND(N99, 0) & ")" -> 243 (865441-1524464) | AB99: =ROUND(O99, 0) & " (" & ROUND(Q99, 0) & "-" & ROUND(S99, 0) & ")" -> 11 (7-19) | AC99: =ROUND(U99, 0) & " (" & ROUND(V99, 0) & "-" & ROUND(W99, 0) & ")" -> 758 (445-1314)
A100: c | B100: Pakistan | C100: 2040 | D100: =3575948+3738612 -> 7314560 | E100: 324937697 | F100: 6.01 | G100: =(F100/100000)*E100 -> 19528.756 | H100: 4.57 | I100: =(H100/100000)*E100 -> 14849.653 | J100: 8.05 | K100: =(J100/100000)*E100 -> 26157.485 | L100: =(G100/D100)*100000 -> 266.98469 | M100: =(I100*D100)/100000 -> 1086186.8 | N100: =(K100*D100)/100000 -> 1913304.9 | O100: 11.08 | Q100: 6.51 | S100: 19.21 | U100: =(O100*D100)/100000 -> 810.45325 | V100: =(Q100*D100)/100000 -> 476.17786 | W100: =(S100*D100)/100000 -> 1405.127 | Z100: =ROUND(F100, 0) & " (" & ROUND(H100, 0) & "-" & ROUND(J100, 0) & ")" -> 6 (5-8) | AA100: =ROUND(L100, 0) & " (" & ROUND(M100, 0) & "-" & ROUND(N100, 0) & ")" -> 267 (1086187-1913305) | AB100: =ROUND(O100, 0) & " (" & ROUND(Q100, 0) & "-" & ROUND(S100, 0) & ")" -> 11 (7-19) | AC100: =ROUND(U100, 0) & " (" & ROUND(V100, 0) & "-" & ROUND(W100, 0) & ")" -> 810 (476-1405)
...

Sheet Birth Pop per Year
A1: Country | B1: Year | C1: Birth Population | E1: Country | F1: Year | G1: Birth Population | I1: Country | J1: Year | K1: Birth Population
A2: Afghanistan | B2: 2030 | C2: 1521091 | E2: Afghanistan | F2: 2040 | G2: 1653659 | I2: Afghanistan | J2: 2050 | K2: 1771185
A3: Algeria | B3: 2030 | C3: =374961+391323 -> 766284 | E3: Algeria | F3: 2040 | G3: =401278+419330 -> 820608 | I3: Algeria | J3: 2050 | K3: =419100+438415 -> 857515
A4: Bahrain | B4: 2030 | C4: =10331+10695 -> 21026 | E4: Bahrain | F4: 2040 | G4: =11484+11875 -> 23359 | I4: Bahrain | J4: 2050 | K4: =11965+12358 -> 24323
A5: Egypt | B5: 2030 | C5: =1213206+1278324 -> 2491530 | E5: Egypt | F5: 2040 | G5: =1327238+1399803 -> 2727041 | I5: Egypt | J5: 2050 | K5: =1250892+1319902 -> 2570794
A6: Iran | B6: 2030 | C6: =505962+530579 -> 1036541 | E6: Iran | F6: 2040 | G6: =508605+533053 -> 1041658 | I6: Iran | J6: 2050 | K6: =482638+505938 -> 988576
A7: Iraq | B7: 2030 | C7: =597042+627808 -> 1224850 | E7: Iraq | F7: 2040 | G7: =644831+677866 -> 1322697 | I7: Iraq | J7: 2050 | K7: =644321+677667 -> 1321988
A8: Jordan | B8: 2030 | C8: =112693+117975 -> 230668 | E8: Jordan | F8: 2040 | G8: =122859+128721 -> 251580 | I8: Jordan | J8: 2050 | K8: =116857+122500 -> 239357
A9: Kuwait | B9: 2030 | C9: =26186+27312 -> 53498 | E9: Kuwait | F9: 2040 | G9: =30100+31364 -> 61464 | I9: Kuwait | J9: 2050 | K9: =31797+33113 -> 64910
A10: Lebanon | B10: 2030 | C10: =45471+47792 -> 93263 | E10: Lebanon | F10: 2040 | G10: =47586+50064 -> 97650 | I10: Lebanon | J10: 2050 | K10: =42076+44309 -> 86385
A11: Libya | B11: 2030 | C11: =57121+60361 -> 117482 | E11: Libya | F11: 2040 | G11: =59613+62994 -> 122607 | I11: Libya | J11: 2050 | K11: =56799+60046 -> 116845
A12: Morocco | B12: 2030 | C12: =289365+302361 -> 591726 | E12: Morocco | F12: 2040 | G12: =277438+290105 -> 567543 | I12: Morocco | J12: 2050 | K12: =257893+269957 -> 527850
A13: Oman | B13: 2030 | C13: =43819+45684 -> 89503 | E13: Oman | F13: 2040 | G13: =45562+47538 -> 93100 | I13: Oman | J13: 2050 | K13: =51089+53324 -> 104413
A14: Qatar | B14: 2030 | C14: =16972+17539 -> 34511 | E14: Qatar | F14: 2040 | G14: =21321+22069 -> 43390 | I14: Qatar | J14: 2050 | K14: =24429+25294 -> 49723
A15: Saudi Arabia | B15: 2030 | C15: =281853+295603 -> 577456 | E15: Saudi Arabia | F15: 2040 | G15: =291532+305791 -> 597323 | I15: Saudi Arabia | J15: 2050 | K15: =302075+316779 -> 618854
A16: Sudan | B16: 2030 | C16: =837133+862887 -> 1700020 | E16: Sudan | F16: 2040 | G16: =882132+908446 -> 1790578 | I16: Sudan | J16: 2050 | K16: =949347+977359 -> 1926706
A17: Syrian Arab Republic | B17: 2030 | C17: =327245+343169 -> 670414 | E17: Syrian Arab Republic | F17: 2040 | G17: =285980+299993 -> 585973 | I17: Syrian Arab Republic | J17: 2050 | K17: =260257+273270 -> 533527
A18: Tunisia | B18: 2030 | C18: =71326+74547 -> 145873 | E18: Tunisia | F18: 2040 | G18: =72652+75877 -> 148529 | I18: Tunisia | J18: 2050 | K18: =71659+74896 -> 146555
A19: Turkiye | B19: 2030 | C19: =490176+513619 -> 1003795 | E19: Turkiye | F19: 2040 | G19: =457839+479622 -> 937461 | I19: Turkiye | J19: 2050 | K19: =415696+435490 -> 851186
A20: United Arab Emirates | B20: 2030 | C20: =68352+70233 -> 138585 | E20: United Arab Emirates | F20: 2040 | G20: =82150+84480 -> 166630 | I20: United Arab Emirates | J20: 2050 | K20: =88542+90990 -> 179532
A21: Yemen | B21: 2030 | C21: =670735+705800 -> 1376535 | E21: Yemen | F21: 2040 | G21: =704209+740564 -> 1444773 | I21: Yemen | J21: 2050 | K21: =762677+801902 -> 1564579
A22: Bangladesh | B22: 2030 | C22: =1580072+1653959 -> 3234031 | E22: Bangladesh | F22: 2040 | G22: =1383470+1447859 -> 2831329 | I22: Bangladesh | J22: 2050 | K22: =1327424+1390039 -> 2717463
A23: Bhutan | B23: 2030 | C23: =4652+4865 -> 9517 | E23: Bhutan | F23: 2040 | G23: =4406+4612 -> 9018 | I23: Bhutan | J23: 2050 | K23: =3776+3959 -> 7735
A24: India | B24: 2030 | C24: =10792760+11432189 -> 22224949 | E24: India | F24: 2040 | G24: =10043329+10562288 -> 20605617 | I24: India | J24: 2050 | K24: =9200381+9666706 -> 18867087
A25: Nepal | B25: 2030 | C25: =250788+261549 -> 512337 | E25: Nepal | F25: 2040 | G25: =227694+237303 -> 464997 | I25: Nepal | J25: 2050 | K25: =210639+219686 -> 430325
A26: Pakistan | B26: 2030 | C26: =3342220+3497283 -> 6839503 | E26: Pakistan | F26: 2040 | G26: =3575948+3738612 -> 7314560 | I26: Pakistan | J26: 2050 | K26: =3574115+3735087 -> 7309202
A27: China | B27: 2030 | C27: =4011462+4321904 -> 8333366 | E27: China | F27: 2040 | G27: =4181810+4447348 -> 8629158 | I27: China | J27: 2050 | K27: =3636989+3860534 -> 7497523
A28: North Korea | B28: 2030 | C28: =146125+154669 -> 300794 | E28: North Korea | F28: 2040 | G28: =126473+133845 -> 260318 | I28: North Korea | J28: 2050 | K28: =127887+135359 -> 263246
A29: American Samoa | B29: 2030 | C29: =284+300 -> 584 | E29: American Samoa | F29: 2040 | G29: =284+301 -> 585 | I29: American Samoa | J29: 2050 | K29: =248+263 -> 511
A30: Fiji | B30: 2030 | C30: =7640+8145 -> 15785 | E30: Fiji | F30: 2040 | G30: =7350+7828 -> 15178 | I30: Fiji | J30: 2050 | K30: =6709+7143 -> 13852
A31: Guam | B31: 2030 | C31: =1325+1415 -> 2740 | E31: Guam | F31: 2040 | G31: =1319+1409 -> 2728 | I31: Guam | J31: 2050 | K31: =1337+1430 -> 2767
A32: Kiribati | B32: 2030 | C32: =1577+1674 -> 3251 | E32: Kiribati | F32: 2040 | G32: =1651+1750 -> 3401 | I32: Kiribati | J32: 2050 | K32: =1670+1769 -> 3439
A33: Marshall Islands | B33: 2030 | C33: =283+301 -> 584 | E33: Marshall Islands | F33: 2040 | G33: =279+297 -> 576 | I33: Marshall Islands | J33: 2050 | K33: =210+223 -> 433
A34: Micronesia | B34: 2030 | C34: =1173+1249 -> 2422 | E34: Micronesia | F34: 2040 | G34: =1080+1148 -> 2228 | I34: Micronesia | J34: 2050 | K34: =990+1052 -> 2042
A35: Nauru | B35: 2030 | C35: =138+147 -> 285 | E35: Nauru | F35: 2040 | G35: =155+166 -> 321 | I35: Nauru | J35: 2050 | K35: =153+163 -> 316
A36: Northern Mariana Islands | B36: 2030 | C36: =198+229 -> 427 | E36: Northern Mariana Islands | F36: 2040 | G36: =260+300 -> 560 | I36: Northern Mariana Islands | J36: 2050 | K36: =222+256 -> 478
A37: Palau | B37: 2030 | C37: =86+92 -> 178 | E37: Palau | F37: 2040 | G37: =85+91 -> 176 | I37: Palau | J37: 2050 | K37: =75+81 -> 156
A38: Papua New Guinea | B38: 2030 | C38: =122019+130547 -> 252566 | E38: Papua New Guinea | F38: 2040 | G38: =125842+134553 -> 260395 | I38: Papua New Guinea | J38: 2050 | K38: =127601+136400 -> 264001
A39: Samoa | B39: 2030 | C39: =2591+2781 -> 5372 | E39: Samoa | F39: 2040 | G39: =3019+3239 -> 6258 | I39: Samoa | J39: 2050 | K39: =2873+3085 -> 5958
A40: Solomon Islands | B40: 2030 | C40: =11215+11960 -> 23175 | E40: Solomon Islands | F40: 2040 | G40: =12233+13043 -> 25276 | I40: Solomon Islands | J40: 2050 | K40: =12376+13197 -> 25573
A41: Tonga | B41: 2030 | C41: =1067+1153 -> 2220 | E41: Tonga | F41: 2040 | G41: =1073+1160 -> 2233 | I41: Tonga | J41: 2050 | K41: =935+1011 -> 1946
A42: Tuvalu | B42: 2030 | C42: =81+86 -> 167 | E42: Tuvalu | F42: 2040 | G42: =89+95 -> 184 | I42: Tuvalu | J42: 2050 | K42: =90+96 -> 186
A43: Vanuatu | B43: 2030 | C43: =4557+4863 -> 9420 | E43: Vanuatu | F43: 2040 | G43: =5233+5584 -> 10817 | I43: Vanuatu | J43: 2050 | K43: =5538+5913 -> 11451
A44: Cambodia | B44: 2030 | C44: =166409+174319 -> 340728 | E44: Cambodia | F44: 2040 | G44: =165065+172869 -> 337934 | I44: Cambodia | J44: 2050 | K44: =159119+166756 -> 325875
A45: Indonesia | B45: 2030 | C45: =2088480+2207070 -> 4295550 | E45: Indonesia | F45: 2040 | G45: =2051654+2168723 -> 4220377 | I45: Indonesia | J45: 2050 | K45: =1903823+2013816 -> 3917639
A46: Lao PDR | B46: 2030 | C46: =74289+77692 -> 151981 | E46: Lao PDR | F46: 2040 | G46: =70674+73919 -> 144593 | I46: Lao PDR | J46: 2050 | K46: =65617+68684 -> 134301
A47: Malaysia | B47: 2030 | C47: =218041+231749 -> 449790 | E47: Malaysia | F47: 2040 | G47: =226893+241060 -> 467953 | I47: Malaysia | J47: 2050 | K47: =216713+230215 -> 446928
A48: Maldives | B48: 2030 | C48: =2341+2451 -> 4792 | E48: Maldives | F48: 2040 | G48: =2468+2592 -> 5060 | I48: Maldives | J48: 2050 | K48: =2584+2715 -> 5299
A49: Mauritius | B49: 2030 | C49: =5236+5410 -> 10646 | E49: Mauritius | F49: 2040 | G49: =4555+4710 -> 9265 | I49: Mauritius | J49: 2050 | K49: =3610+3734 -> 7344
A50: Myanmar | B50: 2030 | C50: =403697+426546 -> 830243 | E50: Myanmar | F50: 2040 | G50: =376481+397487 -> 773968 | I50: Myanmar | J50: 2050 | K50: =351761+371485 -> 723246
A51: Philippines | B51: 2030 | C51: =891055+955343 -> 1846398 | E51: Philippines | F51: 2040 | G51: =891920+955049 -> 1846969 | I51: Philippines | J51: 2050 | K51: =783838+839460 -> 1623298
A52: Seychelles | B52: 2030 | C52: =869+899 -> 1768 | E52: Seychelles | F52: 2040 | G52: =768+794 -> 1562 | I52: Seychelles | J52: 2050 | K52: =748+774 -> 1522
A53: Sri Lanka | B53: 2030 | C53: =151535+158097 -> 309632 | E53: Sri Lanka | F53: 2040 | G53: =146180+152564 -> 298744 | I53: Sri Lanka | J53: 2050 | K53: =132035+137844 -> 269879
A54: Thailand | B54: 2030 | C54: =267201+284040 -> 551241 | E54: Thailand | F54: 2040 | G54: =252144+268121 -> 520265 | I54: Thailand | J54: 2050 | K54: =225017+239328 -> 464345
A55: Timor-Leste | B55: 2030 | C55: =14810+15751 -> 30561 | E55: Timor-Leste | F55: 2040 | G55: =14638+15562 -> 30200 | I55: Timor-Leste | J55: 2050 | K55: =13328+14173 -> 27501
A56: Viet Nam | B56: 2030 | C56: =603734+655970 -> 1259704 | E56: Viet Nam | F56: 2040 | G56: =629160+672377 -> 1301537 | I56: Viet Nam | J56: 2050 | K56: =555770+591137 -> 1146907
A57: Angola | B57: 2030 | C57: =745835+759795 -> 1505630 | E57: Angola | F57: 2040 | G57: =868538+884778 -> 1753316 | I57: Angola | J57: 2050 | K57: =965453+983107 -> 1948560
A58: Central African Republic | B58: 2030 | C58: =127994+130904 -> 258898 | E58: Central African Republic | F58: 2040 | G58: =135262+138329 -> 273591 | I58: Central African Republic | J58: 2050 | K58: =144435+147741 -> 292176
A59: Congo, Rep | B59: 2030 | C59: =102661+104693 -> 207354 | E59: Congo, Rep | F59: 2040 | G59: =118693+121000 -> 239693 | I59: Congo, Rep | J59: 2050 | K59: =127799+130268 -> 258067
A60: Congo, Dem Rep | B60: 2030 | C60: =2347532+2384281 -> 4731813 | E60: Congo, Dem Rep | F60: 2040 | G60: =2664274+2705280 -> 5369554 | I60: Congo, Dem Rep | J60: 2050 | K60: =3009396+3054190 -> 6063586
A61: Equatorial Guinea | B61: 2030 | C61: =28604+29298 -> 57902 | E61: Equatorial Guinea | F61: 2040 | G61: =31880+32638 -> 64518 | I61: Equatorial Guinea | J61: 2050 | K61: =33506+34282 -> 67788
A62: Gabon | B62: 2030 | C62: =34635+35150 -> 69785 | E62: Gabon | F62: 2040 | G62: =39306+39858 -> 79164 | I62: Gabon | J62: 2050 | K62: =42294+42918 -> 85212
A63: Burundi | B63: 2030 | C63: =238602+242957 -> 481559 | E63: Burundi | F63: 2040 | G63: =273875+278661 -> 552536 | I63: Burundi | J63: 2050 | K63: =279844+284537 -> 564381
A64: Comoros | B64: 2030 | C64: =12002+12315 -> 24317 | E64: Comoros | F64: 2040 | G64: =12891+13217 -> 26108 | I64: Comoros | J64: 2050 | K64: =13476+13818 -> 27294
A65: Djibouti | B65: 2030 | C65: =11875+12231 -> 24106 | E65: Djibouti | F65: 2040 | G65: =11926+12269 -> 24195 | I65: Djibouti | J65: 2050 | K65: =11473+11799 -> 23272
A66: Eritrea | B66: 2030 | C66: =53840+55199 -> 109039 | E66: Eritrea | F66: 2040 | G66: =56934+58360 -> 115294 | I66: Eritrea | J66: 2050 | K66: =56995+58464 -> 115459
A67: Ethiopia | B67: 2030 | C67: =2059445+2156417 -> 4215862 | E67: Ethiopia | F67: 2040 | G67: =2172817+2273695 -> 4446512 | I67: Ethiopia | J67: 2050 | K67: =2310131+2420213 -> 4730344
A68: Kenya | B68: 2030 | C68: =783780+795098 -> 1578878 | E68: Kenya | F68: 2040 | G68: =803143+814276 -> 1617419 | I68: Kenya | J68: 2050 | K68: =778354+788831 -> 1567185
A69: Madagascar | B69: 2030 | C69: =506388+521753 -> 1028141 | E69: Madagascar | F69: 2040 | G69: =547895+563814 -> 1111709 | I69: Madagascar | J69: 2050 | K69: =583807+600072 -> 1183879
A70: Malawi | B70: 2030 | C70: =353054+355714 -> 708768 | E70: Malawi | F70: 2040 | G70: =376921+379699 -> 756620 | I70: Malawi | J70: 2050 | K70: =392759+395798 -> 788557
A71: Mozambique | B71: 2030 | C71: =665513+673310 -> 1338823 | E71: Mozambique | F71: 2040 | G71: =729318+737004 -> 1466322 | I71: Mozambique | J71: 2050 | K71: =768322+775807 -> 1544129
A72: Rwanda | B72: 2030 | C72: =204633+208795 -> 413428 | E72: Rwanda | F72: 2040 | G72: =220645+224945 -> 445590 | I72: Rwanda | J72: 2050 | K72: =225076+229588 -> 454664
A73: Somalia | B73: 2030 | C73: =408783+423358 -> 832141 | E73: Somalia | F73: 2040 | G73: =461012+476916 -> 937928 | I73: Somalia | J73: 2050 | K73: =502382+519258 -> 1021640
A74: South Sudan | B74: 2030 | C74: =184317+189460 -> 373777 | E74: South Sudan | F74: 2040 | G74: =189688+194805 -> 384493 | I74: South Sudan | J74: 2050 | K74: =185155+190008 -> 375163
A75: Uganda | B75: 2030 | C75: =855750+876326 -> 1732076 | E75: Uganda | F75: 2040 | G75: =880340+902055 -> 1782395 | I75: Uganda | J75: 2050 | K75: =902055+925373 -> 1827428
A76: Tanzania | B76: 2030 | C76: =1249403+1280930 -> 2530333 | E76: Tanzania | F76: 2040 | G76: =1444033+1480188 -> 2924221 | I76: Tanzania | J76: 2050 | K76: =1617121+1658137 -> 3275258
A77: Zambia | B77: 2030 | C77: =367283+368622 -> 735905 | E77: Zambia | F77: 2040 | G77: =402689+403757 -> 806446 | I77: Zambia | J77: 2050 | K77: =430834+431608 -> 862442
A78: Botswana | B78: 2030 | C78: =28602+29336 -> 57938 | E78: Botswana | F78: 2040 | G78: =26834+27505 -> 54339 | I78: Botswana | J78: 2050 | K78: =26962+27637 -> 54599
A79: Eswatini | B79: 2030 | C79: =13639+13954 -> 27593 | E79: Eswatini | F79: 2040 | G79: =13000+13288 -> 26288 | I79: Eswatini | J79: 2050 | K79: =11996+12253 -> 24249
A80: Lesotho | B80: 2030 | C80: =26223+26728 -> 52951 | E80: Lesotho | F80: 2040 | G80: =26336+26843 -> 53179 | I80: Lesotho | J80: 2050 | K80: =25072+25555 -> 50627
A81: Namibia | B81: 2030 | C81: =38890+39069 -> 77959 | E81: Namibia | F81: 2040 | G81: =41380+41548 -> 82928 | I81: Namibia | J81: 2050 | K81: =42430+42597 -> 85027
A82: South Africa | B82: 2030 | C82: =556744+575303 -> 1132047 | E82: South Africa | F82: 2040 | G82: =548100+566228 -> 1114328 | I82: South Africa | J82: 2050 | K82: =558436+577192 -> 1135628
A83: Zimbabwe | B83: 2030 | C83: =255235+259956 -> 515191 | E83: Zimbabwe | F83: 2040 | G83: =278020+283127 -> 561147 | I83: Zimbabwe | J83: 2050 | K83: =280594+285663 -> 566257
A84: Benin | B84: 2030 | C84: =241702+250016 -> 491718 | E84: Benin | F84: 2040 | G84: =269110+278287 -> 547397 | I84: Benin | J84: 2050 | K84: =285101+294654 -> 579755
A85: Burkina Faso | B85: 2030 | C85: =362331+373701 -> 736032 | E85: Burkina Faso | F85: 2040 | G85: =384608+396318 -> 780926 | I85: Burkina Faso | J85: 2050 | K85: =382398+393986 -> 776384
A86: Cabo Verde | B86: 2030 | C86: =3039+3136 -> 6175 | E86: Cabo Verde | F86: 2040 | G86: =3036+3135 -> 6171 | I86: Cabo Verde | J86: 2050 | K86: =2741+2831 -> 5572
A87: Cameroon | B87: 2030 | C87: =494252+504278 -> 998530 | E87: Cameroon | F87: 2040 | G87: =553423+564188 -> 1117611 | I87: Cameroon | J87: 2050 | K87: =595513+604947 -> 1200460
A88: Chad | B88: 2030 | C88: =441022+455514 -> 896536 | E88: Chad | F88: 2040 | G88: =489296+505089 -> 994385 | I88: Chad | J88: 2050 | K88: =542748+560005 -> 1102753
A89: Cote d'Ivoire | B89: 2030 | C89: =514543+524603 -> 1039146 | E89: Cote d'Ivoire | F89: 2040 | G89: =614540+626490 -> 1241030 | I89: Cote d'Ivoire | J89: 2050 | K89: =674267+687291 -> 1361558
A90: Gambia | B90: 2030 | C90: =39969+40965 -> 80934 | E90: Gambia | F90: 2040 | G90: =41004+42018 -> 83022 | I90: Gambia | J90: 2050 | K90: =40878+41885 -> 82763
A91: Ghana | B91: 2030 | C91: =444645+458799 -> 903444 | E91: Ghana | F91: 2040 | G91: =475709+490443 -> 966152 | I91: Ghana | J91: 2050 | K91: =482758+497595 -> 980353
A92: Guinea | B92: 2030 | C92: =236489+244882 -> 481371 | E92: Guinea | F92: 2040 | G92: =245696+254078 -> 499774 | I92: Guinea | J92: 2050 | K92: =250693+259045 -> 509738
A93: Guinea-Bissau | B93: 2030 | C93: =32153+33131 -> 65284 | E93: Guinea-Bissau | F93: 2040 | G93: =33466+34467 -> 67933 | I93: Guinea-Bissau | J93: 2050 | K93: =34063+35060 -> 69123
A94: Liberia | B94: 2030 | C94: =85501+87919 -> 173420 | E94: Liberia | F94: 2040 | G94: =90893+93387 -> 184280 | I94: Liberia | J94: 2050 | K94: =92298+94781 -> 187079
A95: Mali | B95: 2030 | C95: =506612+518597 -> 1025209 | E95: Mali | F95: 2040 | G95: =570538+583551 -> 1154089 | I95: Mali | J95: 2050 | K95: =606298+619806 -> 1226104
A96: Mauritania | B96: 2030 | C96: =92146+94564 -> 186710 | E96: Mauritania | F96: 2040 | G96: =103147+105812 -> 208959 | I96: Mauritania | J96: 2050 | K96: =111999+115007 -> 227006
A97: Niger | B97: 2030 | C97: =569678+588811 -> 1158489 | E97: Niger | F97: 2040 | G97: =617467+637804 -> 1255271 | I97: Niger | J97: 2050 | K97: =658197+679344 -> 1337541
A98: Nigeria | B98: 2030 | C98: =3709857+3822261 -> 7532118 | E98: Nigeria | F98: 2040 | G98: =3866779+3982944 -> 7849723 | I98: Nigeria | J98: 2050 | K98: =3811528+3924973 -> 7736501
A99: Sao Tome and Principe | B99: 2030 | C99: =3454+3542 -> 6996 | E99: Sao Tome and Principe | F99: 2040 | G99: =3685+3779 -> 7464 | I99: Sao Tome and Principe | J99: 2050 | K99: =3690+3785 -> 7475
A100: Senegal | B100: 2030 | C100: =281131+288115 -> 569246 | E100: Senegal | F100: 2040 | G100: =298195+305535 -> 603730 | I100: Senegal | J100: 2050 | K100: =311565+319416 -> 630981
...

Sheet CLP Cases
A1: Country | B1: Adjusted Incidence per Birth Population per 100k in 2021 | C1: Adjusted Incidence Rate per Birth Population per 100k in 2021 (Lower) | D1: Adjusted Incidence Rate per Birth Population per 100k in 2021 (Upper) | E1: 2030 Projected Cases from Birth Population | F1: 2030 Projected Cases from Birth Population (Lower) | G1: 2030 Projected Cases from Birth Population (Upper) | H1: 2040 Projected Cases from Birth Population | I1: 2040 Projected Cases from Birth Population (Lower) | J1: 2040 Projected Cases from Birth Population (Upper) | K1: 2050 Projected Cases from Birth Population | L1: 2050 Projected Cases from Birth Population (Lower) | M1: 2050 Projected Cases from Birth Population (Upper) | N1: Adjusted Rate per Birth Population (95% CI) | O1: Birth Population 2030 | P1: CL/P Estimated 2030 (95% CI) | Q1: Birth Population 2040 | R1: CL/P Estimated 2040 (95% CI) | S1: Birth Population 2050 | T1: CL/P Estimated 2040 (95% CI)
A2: Afghanistan | B2: 180.12141 | C2: 135.16357 | D2: 239.29173 | E2: =(B2/100000)*'Birth Pop per Year'!C2 -> 2739.8106 | F2: =(C2/100000)*'Birth Pop per Year'!C2 -> 2055.9609 | G2: =(D2/100000)*'Birth Pop per Year'!C2 -> 3639.845 | H2: =(B2/100000)*'Birth Pop per Year'!G2 -> 2978.594 | I2: =(C2/100000)*'Birth Pop per Year'!G2 -> 2235.1446 | J2: =(D2/100000)*'Birth Pop per Year'!G2 -> 3957.0693 | K2: =(B2/100000)*'Birth Pop per Year'!K2 -> 3190.2834 | L2: =(C2/100000)*'Birth Pop per Year'!K2 -> 2393.9969 | M2: =(D2/100000)*'Birth Pop per Year'!K2 -> 4238.2993 | N2: =TEXT(ROUND(B2,0),"#,##0") & " (" & TEXT(ROUND(C2,0),"#,##0") & "-" & TEXT(ROUND(D2,0),"#,##0") & ")" -> 180 (135-239) | O2: 1521091 | P2: =TEXT(ROUND(E2,0),"#,##0") & " (" & TEXT(ROUND(F2,0),"#,##0") & "-" & TEXT(ROUND(G2,0),"#,##0") & ")" -> 2,740 (2,056-3,640) | Q2: 1653659 | R2: =TEXT(ROUND(H2,0),"#,##0") & " (" & TEXT(ROUND(I2,0),"#,##0") & "-" & TEXT(ROUND(J2,0),"#,##0") & ")" -> 2,979 (2,235-3,957) | S2: 1771185 | T2: =TEXT(ROUND(K2,0),"#,##0") & " (" & TEXT(ROUND(L2,0),"#,##0") & "-" & TEXT(ROUND(M2,0),"#,##0") & ")" -> 3,190 (2,394-4,238)
A3: Algeria | B3: 140.43557 | C3: 104.85856 | D3: 189.1199 | E3: =(B3/100000)*'Birth Pop per Year'!C3 -> 1076.1353 | F3: =(C3/100000)*'Birth Pop per Year'!G3 -> 860.47771 | G3: =(D3/100000)*'Birth Pop per Year'!C3 -> 1449.1955 | H3: =(B3/100000)*'Birth Pop per Year'!G3 -> 1152.4255 | I3: =(C3/100000)*'Birth Pop per Year'!G3 -> 860.47771 | J3: =(D3/100000)*'Birth Pop per Year'!G3 -> 1551.933 | K3: =(B3/100000)*'Birth Pop per Year'!K3 -> 1204.2561 | L3: =(C3/100000)*'Birth Pop per Year'!K3 -> 899.17786 | M3: =(D3/100000)*'Birth Pop per Year'!K3 -> 1621.7315 | N3: =TEXT(ROUND(B3,0),"#,##0") & " (" & TEXT(ROUND(C3,0),"#,##0") & "-" & TEXT(ROUND(D3,0),"#,##0") & ")" -> 140 (105-189) | O3: =374961+391323 -> 766284 | P3: =TEXT(ROUND(E3,0),"#,##0") & " (" & TEXT(ROUND(F3,0),"#,##0") & "-" & TEXT(ROUND(G3,0),"#,##0") & ")" -> 1,076 (860-1,449) | Q3: =401278+419330 -> 820608 | R3: =TEXT(ROUND(H3,0),"#,##0") & " (" & TEXT(ROUND(I3,0),"#,##0") & "-" & TEXT(ROUND(J3,0),"#,##0") & ")" -> 1,152 (860-1,552) | S3: =419100+438415 -> 857515 | T3: =TEXT(ROUND(K3,0),"#,##0") & " (" & TEXT(ROUND(L3,0),"#,##0") & "-" & TEXT(ROUND(M3,0),"#,##0") & ")" -> 1,204 (899-1,622)
A4: Bahrain | B4: 133.39827 | C4: 99.849002 | D4: 178.92941 | E4: =(B4/100000)*'Birth Pop per Year'!C4 -> 28.048319 | F4: =(C4/100000)*'Birth Pop per Year'!G4 -> 23.323728 | G4: =(D4/100000)*'Birth Pop per Year'!C4 -> 37.621698 | H4: =(B4/100000)*'Birth Pop per Year'!G4 -> 31.160501 | I4: =(C4/100000)*'Birth Pop per Year'!G4 -> 23.323728 | J4: =(D4/100000)*'Birth Pop per Year'!G4 -> 41.796121 | K4: =(B4/100000)*'Birth Pop per Year'!K4 -> 32.44646 | L4: =(C4/100000)*'Birth Pop per Year'!K4 -> 24.286273 | M4: =(D4/100000)*'Birth Pop per Year'!K4 -> 43.521001 | N4: =TEXT(ROUND(B4,0),"#,##0") & " (" & TEXT(ROUND(C4,0),"#,##0") & "-" & TEXT(ROUND(D4,0),"#,##0") & ")" -> 133 (100-179) | O4: =10331+10695 -> 21026 | P4: =TEXT(ROUND(E4,0),"#,##0") & " (" & TEXT(ROUND(F4,0),"#,##0") & "-" & TEXT(ROUND(G4,0),"#,##0") & ")" -> 28 (23-38) | Q4: =11484+11875 -> 23359 | R4: =TEXT(ROUND(H4,0),"#,##0") & " (" & TEXT(ROUND(I4,0),"#,##0") & "-" & TEXT(ROUND(J4,0),"#,##0") & ")" -> 31 (23-42) | S4: =11965+12358 -> 24323 | T4: =TEXT(ROUND(K4,0),"#,##0") & " (" & TEXT(ROUND(L4,0),"#,##0") & "-" & TEXT(ROUND(M4,0),"#,##0") & ")" -> 32 (24-44)
A5: Egypt | B5: 162.39144 | C5: 124.51589 | D5: 217.311 | E5: =(B5/100000)*'Birth Pop per Year'!C5 -> 4046.0316 | F5: =(C5/100000)*'Birth Pop per Year'!G5 -> 3395.5993 | G5: =(D5/100000)*'Birth Pop per Year'!C5 -> 5414.3688 | H5: =(B5/100000)*'Birth Pop per Year'!G5 -> 4428.4813 | I5: =(C5/100000)*'Birth Pop per Year'!G5 -> 3395.5993 | J5: =(D5/100000)*'Birth Pop per Year'!G5 -> 5926.1601 | K5: =(B5/100000)*'Birth Pop per Year'!K5 -> 4174.7495 | L5: =(C5/100000)*'Birth Pop per Year'!K5 -> 3201.047 | M5: =(D5/100000)*'Birth Pop per Year'!K5 -> 5586.6181 | N5: =TEXT(ROUND(B5,0),"#,##0") & " (" & TEXT(ROUND(C5,0),"#,##0") & "-" & TEXT(ROUND(D5,0),"#,##0") & ")" -> 162 (125-217) | O5: =1213206+1278324 -> 2491530 | P5: =TEXT(ROUND(E5,0),"#,##0") & " (" & TEXT(ROUND(F5,0),"#,##0") & "-" & TEXT(ROUND(G5,0),"#,##0") & ")" -> 4,046 (3,396-5,414) | Q5: =1327238+1399803 -> 2727041 | R5: =TEXT(ROUND(H5,0),"#,##0") & " (" & TEXT(ROUND(I5,0),"#,##0") & "-" & TEXT(ROUND(J5,0),"#,##0") & ")" -> 4,428 (3,396-5,926) | S5: =1250892+1319902 -> 2570794 | T5: =TEXT(ROUND(K5,0),"#,##0") & " (" & TEXT(ROUND(L5,0),"#,##0") & "-" & TEXT(ROUND(M5,0),"#,##0") & ")" -> 4,175 (3,201-5,587)
A6: Iran | B6: 108.23338 | C6: 81.906344 | D6: 148.45525 | E6: =(B6/100000)*'Birth Pop per Year'!C6 -> 1121.8834 | F6: =(C6/100000)*'Birth Pop per Year'!G6 -> 853.18399 | G6: =(D6/100000)*'Birth Pop per Year'!C6 -> 1538.7995 | H6: =(B6/100000)*'Birth Pop per Year'!G6 -> 1127.4217 | I6: =(C6/100000)*'Birth Pop per Year'!G6 -> 853.18399 | J6: =(D6/100000)*'Birth Pop per Year'!G6 -> 1546.396 | K6: =(B6/100000)*'Birth Pop per Year'!K6 -> 1069.9693 | L6: =(C6/100000)*'Birth Pop per Year'!K6 -> 809.70646 | M6: =(D6/100000)*'Birth Pop per Year'!K6 -> 1467.593 | N6: =TEXT(ROUND(B6,0),"#,##0") & " (" & TEXT(ROUND(C6,0),"#,##0") & "-" & TEXT(ROUND(D6,0),"#,##0") & ")" -> 108 (82-148) | O6: =505962+530579 -> 1036541 | P6: =TEXT(ROUND(E6,0),"#,##0") & " (" & TEXT(ROUND(F6,0),"#,##0") & "-" & TEXT(ROUND(G6,0),"#,##0") & ")" -> 1,122 (853-1,539) | Q6: =508605+533053 -> 1041658 | R6: =TEXT(ROUND(H6,0),"#,##0") & " (" & TEXT(ROUND(I6,0),"#,##0") & "-" & TEXT(ROUND(J6,0),"#,##0") & ")" -> 1,127 (853-1,546) | S6: =482638+505938 -> 988576 | T6: =TEXT(ROUND(K6,0),"#,##0") & " (" & TEXT(ROUND(L6,0),"#,##0") & "-" & TEXT(ROUND(M6,0),"#,##0") & ")" -> 1,070 (810-1,468)
A7: Iraq | B7: 136.42819 | C7: 100.87184 | D7: 188.2168 | E7: =(B7/100000)*'Birth Pop per Year'!C7 -> 1671.0407 | F7: =(C7/100000)*'Birth Pop per Year'!G7 -> 1334.2287 | G7: =(D7/100000)*'Birth Pop per Year'!C7 -> 2305.3734 | H7: =(B7/100000)*'Birth Pop per Year'!G7 -> 1804.5316 | I7: =(C7/100000)*'Birth Pop per Year'!G7 -> 1334.2287 | J7: =(D7/100000)*'Birth Pop per Year'!G7 -> 2489.5379 | K7: =(B7/100000)*'Birth Pop per Year'!K7 -> 1803.5643 | L7: =(C7/100000)*'Birth Pop per Year'!K7 -> 1333.5136 | M7: =(D7/100000)*'Birth Pop per Year'!K7 -> 2488.2035 | N7: =TEXT(ROUND(B7,0),"#,##0") & " (" & TEXT(ROUND(C7,0),"#,##0") & "-" & TEXT(ROUND(D7,0),"#,##0") & ")" -> 136 (101-188) | O7: =597042+627808 -> 1224850 | P7: =TEXT(ROUND(E7,0),"#,##0") & " (" & TEXT(ROUND(F7,0),"#,##0") & "-" & TEXT(ROUND(G7,0),"#,##0") & ")" -> 1,671 (1,334-2,305) | Q7: =644831+677866 -> 1322697 | R7: =TEXT(ROUND(H7,0),"#,##0") & " (" & TEXT(ROUND(I7,0),"#,##0") & "-" & TEXT(ROUND(J7,0),"#,##0") & ")" -> 1,805 (1,334-2,490) | S7: =644321+677667 -> 1321988 | T7: =TEXT(ROUND(K7,0),"#,##0") & " (" & TEXT(ROUND(L7,0),"#,##0") & "-" & TEXT(ROUND(M7,0),"#,##0") & ")" -> 1,804 (1,334-2,488)
A8: Jordan | B8: 165.03748 | C8: 121.88113 | D8: 221.47271 | E8: =(B8/100000)*'Birth Pop per Year'!C8 -> 380.68866 | F8: =(C8/100000)*'Birth Pop per Year'!G8 -> 306.62854 | G8: =(D8/100000)*'Birth Pop per Year'!C8 -> 510.86668 | H8: =(B8/100000)*'Birth Pop per Year'!G8 -> 415.2013 | I8: =(C8/100000)*'Birth Pop per Year'!G8 -> 306.62854 | J8: =(D8/100000)*'Birth Pop per Year'!G8 -> 557.18105 | K8: =(B8/100000)*'Birth Pop per Year'!K8 -> 395.02877 | L8: =(C8/100000)*'Birth Pop per Year'!K8 -> 291.73101 | M8: =(D8/100000)*'Birth Pop per Year'!K8 -> 530.11044 | N8: =TEXT(ROUND(B8,0),"#,##0") & " (" & TEXT(ROUND(C8,0),"#,##0") & "-" & TEXT(ROUND(D8,0),"#,##0") & ")" -> 165 (122-221) | O8: =112693+117975 -> 230668 | P8: =TEXT(ROUND(E8,0),"#,##0") & " (" & TEXT(ROUND(F8,0),"#,##0") & "-" & TEXT(ROUND(G8,0),"#,##0") & ")" -> 381 (307-511) | Q8: =122859+128721 -> 251580 | R8: =TEXT(ROUND(H8,0),"#,##0") & " (" & TEXT(ROUND(I8,0),"#,##0") & "-" & TEXT(ROUND(J8,0),"#,##0") & ")" -> 415 (307-557) | S8: =116857+122500 -> 239357 | T8: =TEXT(ROUND(K8,0),"#,##0") & " (" & TEXT(ROUND(L8,0),"#,##0") & "-" & TEXT(ROUND(M8,0),"#,##0") & ")" -> 395 (292-530)
A9: Kuwait | B9: 129.78058 | C9: 94.961402 | D9: 186.75742 | E9: =(B9/100000)*'Birth Pop per Year'!C9 -> 69.430016 | F9: =(C9/100000)*'Birth Pop per Year'!G9 -> 58.367076 | G9: =(D9/100000)*'Birth Pop per Year'!C9 -> 99.911487 | H9: =(B9/100000)*'Birth Pop per Year'!G9 -> 79.768338 | I9: =(C9/100000)*'Birth Pop per Year'!G9 -> 58.367076 | J9: =(D9/100000)*'Birth Pop per Year'!G9 -> 114.78858 | K9: =(B9/100000)*'Birth Pop per Year'!K9 -> 84.240577 | L9: =(C9/100000)*'Birth Pop per Year'!K9 -> 61.639446 | M9: =(D9/100000)*'Birth Pop per Year'!K9 -> 121.22424 | N9: =TEXT(ROUND(B9,0),"#,##0") & " (" & TEXT(ROUND(C9,0),"#,##0") & "-" & TEXT(ROUND(D9,0),"#,##0") & ")" -> 130 (95-187) | O9: =26186+27312 -> 53498 | P9: =TEXT(ROUND(E9,0),"#,##0") & " (" & TEXT(ROUND(F9,0),"#,##0") & "-" & TEXT(ROUND(G9,0),"#,##0") & ")" -> 69 (58-100) | Q9: =30100+31364 -> 61464 | R9: =TEXT(ROUND(H9,0),"#,##0") & " (" & TEXT(ROUND(I9,0),"#,##0") & "-" & TEXT(ROUND(J9,0),"#,##0") & ")" -> 80 (58-115) | S9: =31797+33113 -> 64910 | T9: =TEXT(ROUND(K9,0),"#,##0") & " (" & TEXT(ROUND(L9,0),"#,##0") & "-" & TEXT(ROUND(M9,0),"#,##0") & ")" -> 84 (62-121)
A10: Lebanon | B10: 122.67898 | C10: 94.60319 | D10: 166.62368 | E10: =(B10/100000)*'Birth Pop per Year'!C10 -> 114.41409 | F10: =(C10/100000)*'Birth Pop per Year'!G10 -> 92.380015 | G10: =(D10/100000)*'Birth Pop per Year'!C10 -> 155.39825 | H10: =(B10/100000)*'Birth Pop per Year'!G10 -> 119.79602 | I10: =(C10/100000)*'Birth Pop per Year'!G10 -> 92.380015 | J10: =(D10/100000)*'Birth Pop per Year'!G10 -> 162.70803 | K10: =(B10/100000)*'Birth Pop per Year'!K10 -> 105.97623 | L10: =(C10/100000)*'Birth Pop per Year'!K10 -> 81.722966 | M10: =(D10/100000)*'Birth Pop per Year'!K10 -> 143.93787 | N10: =TEXT(ROUND(B10,0),"#,##0") & " (" & TEXT(ROUND(C10,0),"#,##0") & "-" & TEXT(ROUND(D10,0),"#,##0") & ")" -> 123 (95-167) | O10: =45471+47792 -> 93263 | P10: =TEXT(ROUND(E10,0),"#,##0") & " (" & TEXT(ROUND(F10,0),"#,##0") & "-" & TEXT(ROUND(G10,0),"#,##0") & ")" -> 114 (92-155) | Q10: =47586+50064 -> 97650 | R10: =TEXT(ROUND(H10,0),"#,##0") & " (" & TEXT(ROUND(I10,0),"#,##0") & "-" & TEXT(ROUND(J10,0),"#,##0") & ")" -> 120 (92-163) | S10: =42076+44309 -> 86385 | T10: =TEXT(ROUND(K10,0),"#,##0") & " (" & TEXT(ROUND(L10,0),"#,##0") & "-" & TEXT(ROUND(M10,0),"#,##0") & ")" -> 106 (82-144)
A11: Libya | B11: 82.467551 | C11: 63.225123 | D11: 108.85717 | E11: =(B11/100000)*'Birth Pop per Year'!C11 -> 96.884529 | F11: =(C11/100000)*'Birth Pop per Year'!G11 -> 77.518426 | G11: =(D11/100000)*'Birth Pop per Year'!C11 -> 127.88758 | H11: =(B11/100000)*'Birth Pop per Year'!G11 -> 101.11099 | I11: =(C11/100000)*'Birth Pop per Year'!G11 -> 77.518426 | J11: =(D11/100000)*'Birth Pop per Year'!G11 -> 133.46651 | K11: =(B11/100000)*'Birth Pop per Year'!K11 -> 96.35921 | L11: =(C11/100000)*'Birth Pop per Year'!K11 -> 73.875395 | M11: =(D11/100000)*'Birth Pop per Year'!K11 -> 127.19416 | N11: =TEXT(ROUND(B11,0),"#,##0") & " (" & TEXT(ROUND(C11,0),"#,##0") & "-" & TEXT(ROUND(D11,0),"#,##0") & ")" -> 82 (63-109) | O11: =57121+60361 -> 117482 | P11: =TEXT(ROUND(E11,0),"#,##0") & " (" & TEXT(ROUND(F11,0),"#,##0") & "-" & TEXT(ROUND(G11,0),"#,##0") & ")" -> 97 (78-128) | Q11: =59613+62994 -> 122607 | R11: =TEXT(ROUND(H11,0),"#,##0") & " (" & TEXT(ROUND(I11,0),"#,##0") & "-" & TEXT(ROUND(J11,0),"#,##0") & ")" -> 101 (78-133) | S11: =56799+60046 -> 116845 | T11: =TEXT(ROUND(K11,0),"#,##0") & " (" & TEXT(ROUND(L11,0),"#,##0") & "-" & TEXT(ROUND(M11,0),"#,##0") & ")" -> 96 (74-127)
A12: Morocco | B12: 133.54938 | C12: 102.90818 | D12: 176.90956 | E12: =(B12/100000)*'Birth Pop per Year'!C12 -> 790.24638 | F12: =(C12/100000)*'Birth Pop per Year'!G12 -> 584.04816 | G12: =(D12/100000)*'Birth Pop per Year'!C12 -> 1046.8199 | H12: =(B12/100000)*'Birth Pop per Year'!G12 -> 757.95013 | I12: =(C12/100000)*'Birth Pop per Year'!G12 -> 584.04816 | J12: =(D12/100000)*'Birth Pop per Year'!G12 -> 1004.0378 | K12: =(B12/100000)*'Birth Pop per Year'!K12 -> 704.94038 | L12: =(C12/100000)*'Birth Pop per Year'!K12 -> 543.20081 | M12: =(D12/100000)*'Birth Pop per Year'!K12 -> 933.81713 | N12: =TEXT(ROUND(B12,0),"#,##0") & " (" & TEXT(ROUND(C12,0),"#,##0") & "-" & TEXT(ROUND(D12,0),"#,##0") & ")" -> 134 (103-177) | O12: =289365+302361 -> 591726 | P12: =TEXT(ROUND(E12,0),"#,##0") & " (" & TEXT(ROUND(F12,0),"#,##0") & "-" & TEXT(ROUND(G12,0),"#,##0") & ")" -> 790 (584-1,047) | Q12: =277438+290105 -> 567543 | R12: =TEXT(ROUND(H12,0),"#,##0") & " (" & TEXT(ROUND(I12,0),"#,##0") & "-" & TEXT(ROUND(J12,0),"#,##0") & ")" -> 758 (584-1,004) | S12: =257893+269957 -> 527850 | T12: =TEXT(ROUND(K12,0),"#,##0") & " (" & TEXT(ROUND(L12,0),"#,##0") & "-" & TEXT(ROUND(M12,0),"#,##0") & ")" -> 705 (543-934)
A13: Oman | B13: 163.88484 | C13: 119.98711 | D13: 231.77999 | E13: =(B13/100000)*'Birth Pop per Year'!C13 -> 146.68185 | F13: =(C13/100000)*'Birth Pop per Year'!G13 -> 111.708 | G13: =(D13/100000)*'Birth Pop per Year'!C13 -> 207.45004 | H13: =(B13/100000)*'Birth Pop per Year'!G13 -> 152.57679 | I13: =(C13/100000)*'Birth Pop per Year'!G13 -> 111.708 | J13: =(D13/100000)*'Birth Pop per Year'!G13 -> 215.78717 | K13: =(B13/100000)*'Birth Pop per Year'!K13 -> 171.11708 | L13: =(C13/100000)*'Birth Pop per Year'!K13 -> 125.28215 | M13: =(D13/100000)*'Birth Pop per Year'!K13 -> 242.00844 | N13: =TEXT(ROUND(B13,0),"#,##0") & " (" & TEXT(ROUND(C13,0),"#,##0") & "-" & TEXT(ROUND(D13,0),"#,##0") & ")" -> 164 (120-232) | O13: =43819+45684 -> 89503 | P13: =TEXT(ROUND(E13,0),"#,##0") & " (" & TEXT(ROUND(F13,0),"#,##0") & "-" & TEXT(ROUND(G13,0),"#,##0") & ")" -> 147 (112-207) | Q13: =45562+47538 -> 93100 | R13: =TEXT(ROUND(H13,0),"#,##0") & " (" & TEXT(ROUND(I13,0),"#,##0") & "-" & TEXT(ROUND(J13,0),"#,##0") & ")" -> 153 (112-216) | S13: =51089+53324 -> 104413 | T13: =TEXT(ROUND(K13,0),"#,##0") & " (" & TEXT(ROUND(L13,0),"#,##0") & "-" & TEXT(ROUND(M13,0),"#,##0") & ")" -> 171 (125-242)
A14: Qatar | B14: 245.89421 | C14: 176.60444 | D14: 350.67388 | E14: =(B14/100000)*'Birth Pop per Year'!C14 -> 84.860552 | F14: =(C14/100000)*'Birth Pop per Year'!G14 -> 76.628665 | G14: =(D14/100000)*'Birth Pop per Year'!C14 -> 121.02106 | H14: =(B14/100000)*'Birth Pop per Year'!G14 -> 106.6935 | I14: =(C14/100000)*'Birth Pop per Year'!G14 -> 76.628665 | J14: =(D14/100000)*'Birth Pop per Year'!G14 -> 152.1574 | K14: =(B14/100000)*'Birth Pop per Year'!K14 -> 122.26598 | L14: =(C14/100000)*'Birth Pop per Year'!K14 -> 87.813024 | M14: =(D14/100000)*'Birth Pop per Year'!K14 -> 174.36557 | N14: =TEXT(ROUND(B14,0),"#,##0") & " (" & TEXT(ROUND(C14,0),"#,##0") & "-" & TEXT(ROUND(D14,0),"#,##0") & ")" -> 246 (177-351) | O14: =16972+17539 -> 34511 | P14: =TEXT(ROUND(E14,0),"#,##0") & " (" & TEXT(ROUND(F14,0),"#,##0") & "-" & TEXT(ROUND(G14,0),"#,##0") & ")" -> 85 (77-121) | Q14: =21321+22069 -> 43390 | R14: =TEXT(ROUND(H14,0),"#,##0") & " (" & TEXT(ROUND(I14,0),"#,##0") & "-" & TEXT(ROUND(J14,0),"#,##0") & ")" -> 107 (77-152) | S14: =24429+25294 -> 49723 | T14: =TEXT(ROUND(K14,0),"#,##0") & " (" & TEXT(ROUND(L14,0),"#,##0") & "-" & TEXT(ROUND(M14,0),"#,##0") & ")" -> 122 (88-174)
A15: Saudi Arabia | B15: 125.89769 | C15: 91.725459 | D15: 173.85871 | E15: =(B15/100000)*'Birth Pop per Year'!C15 -> 727.00376 | F15: =(C15/100000)*'Birth Pop per Year'!G15 -> 547.89726 | G15: =(D15/100000)*'Birth Pop per Year'!C15 -> 1003.9576 | H15: =(B15/100000)*'Birth Pop per Year'!G15 -> 752.01585 | I15: =(C15/100000)*'Birth Pop per Year'!G15 -> 547.89726 | J15: =(D15/100000)*'Birth Pop per Year'!G15 -> 1038.4981 | K15: =(B15/100000)*'Birth Pop per Year'!K15 -> 779.12288 | L15: =(C15/100000)*'Birth Pop per Year'!K15 -> 567.64667 | M15: =(D15/100000)*'Birth Pop per Year'!K15 -> 1075.9316 | N15: =TEXT(ROUND(B15,0),"#,##0") & " (" & TEXT(ROUND(C15,0),"#,##0") & "-" & TEXT(ROUND(D15,0),"#,##0") & ")" -> 126 (92-174) | O15: =281853+295603 -> 577456 | P15: =TEXT(ROUND(E15,0),"#,##0") & " (" & TEXT(ROUND(F15,0),"#,##0") & "-" & TEXT(ROUND(G15,0),"#,##0") & ")" -> 727 (548-1,004) | Q15: =291532+305791 -> 597323 | R15: =TEXT(ROUND(H15,0),"#,##0") & " (" & TEXT(ROUND(I15,0),"#,##0") & "-" & TEXT(ROUND(J15,0),"#,##0") & ")" -> 752 (548-1,038) | S15: =302075+316779 -> 618854 | T15: =TEXT(ROUND(K15,0),"#,##0") & " (" & TEXT(ROUND(L15,0),"#,##0") & "-" & TEXT(ROUND(M15,0),"#,##0") & ")" -> 779 (568-1,076)
A16: Sudan | B16: 118.26624 | C16: 88.852876 | D16: 154.11378 | E16: =(B16/100000)*'Birth Pop per Year'!C16 -> 2010.5498 | F16: =(C16/100000)*'Birth Pop per Year'!G16 -> 1590.98 | G16: =(D16/100000)*'Birth Pop per Year'!C16 -> 2619.9651 | H16: =(B16/100000)*'Birth Pop per Year'!G16 -> 2117.6493 | I16: =(C16/100000)*'Birth Pop per Year'!G16 -> 1590.98 | J16: =(D16/100000)*'Birth Pop per Year'!G16 -> 2759.5275 | K16: =(B16/100000)*'Birth Pop per Year'!K16 -> 2278.6428 | L16: =(C16/100000)*'Birth Pop per Year'!K16 -> 1711.9337 | M16: =(D16/100000)*'Birth Pop per Year'!K16 -> 2969.3195 | N16: =TEXT(ROUND(B16,0),"#,##0") & " (" & TEXT(ROUND(C16,0),"#,##0") & "-" & TEXT(ROUND(D16,0),"#,##0") & ")" -> 118 (89-154) | O16: =837133+862887 -> 1700020 | P16: =TEXT(ROUND(E16,0),"#,##0") & " (" & TEXT(ROUND(F16,0),"#,##0") & "-" & TEXT(ROUND(G16,0),"#,##0") & ")" -> 2,011 (1,591-2,620) | Q16: =882132+908446 -> 1790578 | R16: =TEXT(ROUND(H16,0),"#,##0") & " (" & TEXT(ROUND(I16,0),"#,##0") & "-" & TEXT(ROUND(J16,0),"#,##0") & ")" -> 2,118 (1,591-2,760) | S16: =949347+977359 -> 1926706 | T16: =TEXT(ROUND(K16,0),"#,##0") & " (" & TEXT(ROUND(L16,0),"#,##0") & "-" & TEXT(ROUND(M16,0),"#,##0") & ")" -> 2,279 (1,712-2,969)
A17: Syrian Arab Republic | B17: 205.95759 | C17: 158.26215 | D17: 277.50075 | E17: =(B17/100000)*'Birth Pop per Year'!C17 -> 1380.7685 | F17: =(C17/100000)*'Birth Pop per Year'!G17 -> 927.37345 | G17: =(D17/100000)*'Birth Pop per Year'!C17 -> 1860.4039 | H17: =(B17/100000)*'Birth Pop per Year'!G17 -> 1206.8559 | I17: =(C17/100000)*'Birth Pop per Year'!G17 -> 927.37345 | J17: =(D17/100000)*'Birth Pop per Year'!G17 -> 1626.0795 | K17: =(B17/100000)*'Birth Pop per Year'!K17 -> 1098.8393 | L17: =(C17/100000)*'Birth Pop per Year'!K17 -> 844.37128 | M17: =(D17/100000)*'Birth Pop per Year'!K17 -> 1480.5414 | N17: =TEXT(ROUND(B17,0),"#,##0") & " (" & TEXT(ROUND(C17,0),"#,##0") & "-" & TEXT(ROUND(D17,0),"#,##0") & ")" -> 206 (158-278) | O17: =327245+343169 -> 670414 | P17: =TEXT(ROUND(E17,0),"#,##0") & " (" & TEXT(ROUND(F17,0),"#,##0") & "-" & TEXT(ROUND(G17,0),"#,##0") & ")" -> 1,381 (927-1,860) | Q17: =285980+299993 -> 585973 | R17: =TEXT(ROUND(H17,0),"#,##0") & " (" & TEXT(ROUND(I17,0),"#,##0") & "-" & TEXT(ROUND(J17,0),"#,##0") & ")" -> 1,207 (927-1,626) | S17: =260257+273270 -> 533527 | T17: =TEXT(ROUND(K17,0),"#,##0") & " (" & TEXT(ROUND(L17,0),"#,##0") & "-" & TEXT(ROUND(M17,0),"#,##0") & ")" -> 1,099 (844-1,481)
A18: Tunisia | B18: 131.37021 | C18: 100.73985 | D18: 175.61406 | E18: =(B18/100000)*'Birth Pop per Year'!C18 -> 191.63366 | F18: =(C18/100000)*'Birth Pop per Year'!G18 -> 149.62789 | G18: =(D18/100000)*'Birth Pop per Year'!C18 -> 256.1735 | H18: =(B18/100000)*'Birth Pop per Year'!G18 -> 195.12286 | I18: =(C18/100000)*'Birth Pop per Year'!G18 -> 149.62789 | J18: =(D18/100000)*'Birth Pop per Year'!G18 -> 260.83781 | K18: =(B18/100000)*'Birth Pop per Year'!K18 -> 192.52961 | L18: =(C18/100000)*'Birth Pop per Year'!K18 -> 147.63928 | M18: =(D18/100000)*'Birth Pop per Year'!K18 -> 257.37119 | N18: =TEXT(ROUND(B18,0),"#,##0") & " (" & TEXT(ROUND(C18,0),"#,##0") & "-" & TEXT(ROUND(D18,0),"#,##0") & ")" -> 131 (101-176) | O18: =71326+74547 -> 145873 | P18: =TEXT(ROUND(E18,0),"#,##0") & " (" & TEXT(ROUND(F18,0),"#,##0") & "-" & TEXT(ROUND(G18,0),"#,##0") & ")" -> 192 (150-256) | Q18: =72652+75877 -> 148529 | R18: =TEXT(ROUND(H18,0),"#,##0") & " (" & TEXT(ROUND(I18,0),"#,##0") & "-" & TEXT(ROUND(J18,0),"#,##0") & ")" -> 195 (150-261) | S18: =71659+74896 -> 146555 | T18: =TEXT(ROUND(K18,0),"#,##0") & " (" & TEXT(ROUND(L18,0),"#,##0") & "-" & TEXT(ROUND(M18,0),"#,##0") & ")" -> 193 (148-257)
A19: Turkiye | B19: 147.13407 | C19: 120.31653 | D19: 222.51311 | E19: =(B19/100000)*'Birth Pop per Year'!C19 -> 1476.9245 | F19: =(C19/100000)*'Birth Pop per Year'!G19 -> 1127.9206 | G19: =(D19/100000)*'Birth Pop per Year'!C19 -> 2233.5754 | H19: =(B19/100000)*'Birth Pop per Year'!G19 -> 1379.3246 | I19: =(C19/100000)*'Birth Pop per Year'!G19 -> 1127.9206 | J19: =(D19/100000)*'Birth Pop per Year'!G19 -> 2085.9736 | K19: =(B19/100000)*'Birth Pop per Year'!K19 -> 1252.3846 | L19: =(C19/100000)*'Birth Pop per Year'!K19 -> 1024.1175 | M19: =(D19/100000)*'Birth Pop per Year'!K19 -> 1894.0004 | N19: =TEXT(ROUND(B19,0),"#,##0") & " (" & TEXT(ROUND(C19,0),"#,##0") & "-" & TEXT(ROUND(D19,0),"#,##0") & ")" -> 147 (120-223) | O19: =490176+513619 -> 1003795 | P19: =TEXT(ROUND(E19,0),"#,##0") & " (" & TEXT(ROUND(F19,0),"#,##0") & "-" & TEXT(ROUND(G19,0),"#,##0") & ")" -> 1,477 (1,128-2,234) | Q19: =457839+479622 -> 937461 | R19: =TEXT(ROUND(H19,0),"#,##0") & " (" & TEXT(ROUND(I19,0),"#,##0") & "-" & TEXT(ROUND(J19,0),"#,##0") & ")" -> 1,379 (1,128-2,086) | S19: =415696+435490 -> 851186 | T19: =TEXT(ROUND(K19,0),"#,##0") & " (" & TEXT(ROUND(L19,0),"#,##0") & "-" & TEXT(ROUND(M19,0),"#,##0") & ")" -> 1,252 (1,024-1,894)
A20: United Arab Emirates | B20: 92.796868 | C20: 65.885776 | D20: 135.48343 | E20: =(B20/100000)*'Birth Pop per Year'!C20 -> 128.60254 | F20: =(C20/100000)*'Birth Pop per Year'!G20 -> 109.78547 | G20: =(D20/100000)*'Birth Pop per Year'!C20 -> 187.75971 | H20: =(B20/100000)*'Birth Pop per Year'!G20 -> 154.62742 | I20: =(C20/100000)*'Birth Pop per Year'!G20 -> 109.78547 | J20: =(D20/100000)*'Birth Pop per Year'!G20 -> 225.75603 | K20: =(B20/100000)*'Birth Pop per Year'!K20 -> 166.60007 | L20: =(C20/100000)*'Birth Pop per Year'!K20 -> 118.28605 | M20: =(D20/100000)*'Birth Pop per Year'!K20 -> 243.23611 | N20: =TEXT(ROUND(B20,0),"#,##0") & " (" & TEXT(ROUND(C20,0),"#,##0") & "-" & TEXT(ROUND(D20,0),"#,##0") & ")" -> 93 (66-135) | O20: =68352+70233 -> 138585 | P20: =TEXT(ROUND(E20,0),"#,##0") & " (" & TEXT(ROUND(F20,0),"#,##0") & "-" & TEXT(ROUND(G20,0),"#,##0") & ")" -> 129 (110-188) | Q20: =82150+84480 -> 166630 | R20: =TEXT(ROUND(H20,0),"#,##0") & " (" & TEXT(ROUND(I20,0),"#,##0") & "-" & TEXT(ROUND(J20,0),"#,##0") & ")" -> 155 (110-226) | S20: =88542+90990 -> 179532 | T20: =TEXT(ROUND(K20,0),"#,##0") & " (" & TEXT(ROUND(L20,0),"#,##0") & "-" & TEXT(ROUND(M20,0),"#,##0") & ")" -> 167 (118-243)
A21: Yemen | B21: 118.62761 | C21: 91.162104 | D21: 155.15089 | E21: =(B21/100000)*'Birth Pop per Year'!C21 -> 1632.9506 | F21: =(C21/100000)*'Birth Pop per Year'!G21 -> 1317.0855 | G21: =(D21/100000)*'Birth Pop per Year'!C21 -> 2135.7063 | H21: =(B21/100000)*'Birth Pop per Year'!G21 -> 1713.8997 | I21: =(C21/100000)*'Birth Pop per Year'!G21 -> 1317.0855 | J21: =(D21/100000)*'Birth Pop per Year'!G21 -> 2241.5781 | K21: =(B21/100000)*'Birth Pop per Year'!K21 -> 1856.0227 | L21: =(C21/100000)*'Birth Pop per Year'!K21 -> 1426.3031 | M21: =(D21/100000)*'Birth Pop per Year'!K21 -> 2427.4582 | N21: =TEXT(ROUND(B21,0),"#,##0") & " (" & TEXT(ROUND(C21,0),"#,##0") & "-" & TEXT(ROUND(D21,0),"#,##0") & ")" -> 119 (91-155) | O21: =670735+705800 -> 1376535 | P21: =TEXT(ROUND(E21,0),"#,##0") & " (" & TEXT(ROUND(F21,0),"#,##0") & "-" & TEXT(ROUND(G21,0),"#,##0") & ")" -> 1,633 (1,317-2,136) | Q21: =704209+740564 -> 1444773 | R21: =TEXT(ROUND(H21,0),"#,##0") & " (" & TEXT(ROUND(I21,0),"#,##0") & "-" & TEXT(ROUND(J21,0),"#,##0") & ")" -> 1,714 (1,317-2,242) | S21: =762677+801902 -> 1564579 | T21: =TEXT(ROUND(K21,0),"#,##0") & " (" & TEXT(ROUND(L21,0),"#,##0") & "-" & TEXT(ROUND(M21,0),"#,##0") & ")" -> 1,856 (1,426-2,427)
A22: Bangladesh | B22: 196.53498 | C22: 136.87258 | D22: 270.2356 | E22: =(B22/100000)*'Birth Pop per Year'!C22 -> 6356.0022 | F22: =(C22/100000)*'Birth Pop per Year'!G22 -> 3875.313 | G22: =(D22/100000)*'Birth Pop per Year'!C22 -> 8739.5031 | H22: =(B22/100000)*'Birth Pop per Year'!G22 -> 5564.5519 | I22: =(C22/100000)*'Birth Pop per Year'!G22 -> 3875.313 | J22: =(D22/100000)*'Birth Pop per Year'!G22 -> 7651.2589 | K22: =(B22/100000)*'Birth Pop per Year'!K22 -> 5340.7654 | L22: =(C22/100000)*'Birth Pop per Year'!K22 -> 3719.4616 | M22: =(D22/100000)*'Birth Pop per Year'!K22 -> 7343.5524 | N22: =TEXT(ROUND(B22,0),"#,##0") & " (" & TEXT(ROUND(C22,0),"#,##0") & "-" & TEXT(ROUND(D22,0),"#,##0") & ")" -> 197 (137-270) | O22: =1580072+1653959 -> 3234031 | P22: =TEXT(ROUND(E22,0),"#,##0") & " (" & TEXT(ROUND(F22,0),"#,##0") & "-" & TEXT(ROUND(G22,0),"#,##0") & ")" -> 6,356 (3,875-8,740) | Q22: =1383470+1447859 -> 2831329 | R22: =TEXT(ROUND(H22,0),"#,##0") & " (" & TEXT(ROUND(I22,0),"#,##0") & "-" & TEXT(ROUND(J22,0),"#,##0") & ")" -> 5,565 (3,875-7,651) | S22: =1327424+1390039 -> 2717463 | T22: =TEXT(ROUND(K22,0),"#,##0") & " (" & TEXT(ROUND(L22,0),"#,##0") & "-" & TEXT(ROUND(M22,0),"#,##0") & ")" -> 5,341 (3,719-7,344)
A23: Bhutan | B23: 362.3265 | C23: 253.94499 | D23: 509.4722 | E23: =(B23/100000)*'Birth Pop per Year'!C23 -> 34.482613 | F23: =(C23/100000)*'Birth Pop per Year'!G23 -> 22.900759 | G23: =(D23/100000)*'Birth Pop per Year'!C23 -> 48.486469 | H23: =(B23/100000)*'Birth Pop per Year'!G23 -> 32.674604 | I23: =(C23/100000)*'Birth Pop per Year'!G23 -> 22.900759 | J23: =(D23/100000)*'Birth Pop per Year'!G23 -> 45.944203 | K23: =(B23/100000)*'Birth Pop per Year'!K23 -> 28.025955 | L23: =(C23/100000)*'Birth Pop per Year'!K23 -> 19.642645 | M23: =(D23/100000)*'Birth Pop per Year'!K23 -> 39.407674 | N23: =TEXT(ROUND(B23,0),"#,##0") & " (" & TEXT(ROUND(C23,0),"#,##0") & "-" & TEXT(ROUND(D23,0),"#,##0") & ")" -> 362 (254-509) | O23: =4652+4865 -> 9517 | P23: =TEXT(ROUND(E23,0),"#,##0") & " (" & TEXT(ROUND(F23,0),"#,##0") & "-" & TEXT(ROUND(G23,0),"#,##0") & ")" -> 34 (23-48) | Q23: =4406+4612 -> 9018 | R23: =TEXT(ROUND(H23,0),"#,##0") & " (" & TEXT(ROUND(I23,0),"#,##0") & "-" & TEXT(ROUND(J23,0),"#,##0") & ")" -> 33 (23-46) | S23: =3776+3959 -> 7735 | T23: =TEXT(ROUND(K23,0),"#,##0") & " (" & TEXT(ROUND(L23,0),"#,##0") & "-" & TEXT(ROUND(M23,0),"#,##0") & ")" -> 28 (20-39)
A24: India | B24: 152.707 | C24: 111.28445 | D24: 208.34923 | E24: =(B24/100000)*'Birth Pop per Year'!C24 -> 33939.053 | F24: =(C24/100000)*'Birth Pop per Year'!G24 -> 22930.848 | G24: =(D24/100000)*'Birth Pop per Year'!C24 -> 46305.51 | H24: =(B24/100000)*'Birth Pop per Year'!G24 -> 31466.22 | I24: =(C24/100000)*'Birth Pop per Year'!G24 -> 22930.848 | J24: =(D24/100000)*'Birth Pop per Year'!G24 -> 42931.644 | K24: =(B24/100000)*'Birth Pop per Year'!K24 -> 28811.363 | L24: =(C24/100000)*'Birth Pop per Year'!K24 -> 20996.135 | M24: =(D24/100000)*'Birth Pop per Year'!K24 -> 39309.43 | N24: =TEXT(ROUND(B24,0),"#,##0") & " (" & TEXT(ROUND(C24,0),"#,##0") & "-" & TEXT(ROUND(D24,0),"#,##0") & ")" -> 153 (111-208) | O24: =10792760+11432189 -> 22224949 | P24: =TEXT(ROUND(E24,0),"#,##0") & " (" & TEXT(ROUND(F24,0),"#,##0") & "-" & TEXT(ROUND(G24,0),"#,##0") & ")" -> 33,939 (22,931-46,306) | Q24: =10043329+10562288 -> 20605617 | R24: =TEXT(ROUND(H24,0),"#,##0") & " (" & TEXT(ROUND(I24,0),"#,##0") & "-" & TEXT(ROUND(J24,0),"#,##0") & ")" -> 31,466 (22,931-42,932) | S24: =9200381+9666706 -> 18867087 | T24: =TEXT(ROUND(K24,0),"#,##0") & " (" & TEXT(ROUND(L24,0),"#,##0") & "-" & TEXT(ROUND(M24,0),"#,##0") & ")" -> 28,811 (20,996-39,309)
A25: Nepal | B25: 233.07786 | C25: 167.00445 | D25: 323.08337 | E25: =(B25/100000)*'Birth Pop per Year'!C25 -> 1194.1441 | F25: =(C25/100000)*'Birth Pop per Year'!G25 -> 776.56566 | G25: =(D25/100000)*'Birth Pop per Year'!C25 -> 1655.2756 | H25: =(B25/100000)*'Birth Pop per Year'!G25 -> 1083.805 | I25: =(C25/100000)*'Birth Pop per Year'!G25 -> 776.56566 | J25: =(D25/100000)*'Birth Pop per Year'!G25 -> 1502.328 | K25: =(B25/100000)*'Birth Pop per Year'!K25 -> 1002.9923 | L25: =(C25/100000)*'Birth Pop per Year'!K25 -> 718.66188 | M25: =(D25/100000)*'Birth Pop per Year'!K25 -> 1390.3085 | N25: =TEXT(ROUND(B25,0),"#,##0") & " (" & TEXT(ROUND(C25,0),"#,##0") & "-" & TEXT(ROUND(D25,0),"#,##0") & ")" -> 233 (167-323) | O25: =250788+261549 -> 512337 | P25: =TEXT(ROUND(E25,0),"#,##0") & " (" & TEXT(ROUND(F25,0),"#,##0") & "-" & TEXT(ROUND(G25,0),"#,##0") & ")" -> 1,194 (777-1,655) | Q25: =227694+237303 -> 464997 | R25: =TEXT(ROUND(H25,0),"#,##0") & " (" & TEXT(ROUND(I25,0),"#,##0") & "-" & TEXT(ROUND(J25,0),"#,##0") & ")" -> 1,084 (777-1,502) | S25: =210639+219686 -> 430325 | T25: =TEXT(ROUND(K25,0),"#,##0") & " (" & TEXT(ROUND(L25,0),"#,##0") & "-" & TEXT(ROUND(M25,0),"#,##0") & ")" -> 1,003 (719-1,390)
A26: Pakistan | B26: 222.53526 | C26: 169.21566 | D26: 298.07135 | E26: =(B26/100000)*'Birth Pop per Year'!C26 -> 15220.306 | F26: =(C26/100000)*'Birth Pop per Year'!G26 -> 12377.381 | G26: =(D26/100000)*'Birth Pop per Year'!C26 -> 20386.599 | H26: =(B26/100000)*'Birth Pop per Year'!G26 -> 16277.475 | I26: =(C26/100000)*'Birth Pop per Year'!G26 -> 12377.381 | J26: =(D26/100000)*'Birth Pop per Year'!G26 -> 21802.608 | K26: =(B26/100000)*'Birth Pop per Year'!K26 -> 16265.552 | L26: =(C26/100000)*'Birth Pop per Year'!K26 -> 12368.315 | M26: =(D26/100000)*'Birth Pop per Year'!K26 -> 21786.637 | N26: =TEXT(ROUND(B26,0),"#,##0") & " (" & TEXT(ROUND(C26,0),"#,##0") & "-" & TEXT(ROUND(D26,0),"#,##0") & ")" -> 223 (169-298) | O26: =3342220+3497283 -> 6839503 | P26: =TEXT(ROUND(E26,0),"#,##0") & " (" & TEXT(ROUND(F26,0),"#,##0") & "-" & TEXT(ROUND(G26,0),"#,##0") & ")" -> 15,220 (12,377-20,387) | Q26: =3575948+3738612 -> 7314560 | R26: =TEXT(ROUND(H26,0),"#,##0") & " (" & TEXT(ROUND(I26,0),"#,##0") & "-" & TEXT(ROUND(J26,0),"#,##0") & ")" -> 16,277 (12,377-21,803) | S26: =3574115+3735087 -> 7309202 | T26: =TEXT(ROUND(K26,0),"#,##0") & " (" & TEXT(ROUND(L26,0),"#,##0") & "-" & TEXT(ROUND(M26,0),"#,##0") & ")" -> 16,266 (12,368-21,787)
A27: China | B27: 106.95731 | C27: 80.217982 | D27: 136.24324 | E27: =(B27/100000)*'Birth Pop per Year'!C27 -> 8913.144 | F27: =(C27/100000)*'Birth Pop per Year'!G27 -> 6922.1364 | G27: =(D27/100000)*'Birth Pop per Year'!C27 -> 11353.648 | H27: =(B27/100000)*'Birth Pop per Year'!G27 -> 9229.5152 | I27: =(C27/100000)*'Birth Pop per Year'!G27 -> 6922.1364 | J27: =(D27/100000)*'Birth Pop per Year'!G27 -> 11756.644 | K27: =(B27/100000)*'Birth Pop per Year'!K27 -> 8019.1489 | L27: =(C27/100000)*'Birth Pop per Year'!K27 -> 6014.3616 | M27: =(D27/100000)*'Birth Pop per Year'!K27 -> 10214.868 | N27: =TEXT(ROUND(B27,0),"#,##0") & " (" & TEXT(ROUND(C27,0),"#,##0") & "-" & TEXT(ROUND(D27,0),"#,##0") & ")" -> 107 (80-136) | O27: =4011462+4321904 -> 8333366 | P27: =TEXT(ROUND(E27,0),"#,##0") & " (" & TEXT(ROUND(F27,0),"#,##0") & "-" & TEXT(ROUND(G27,0),"#,##0") & ")" -> 8,913 (6,922-11,354) | Q27: =4181810+4447348 -> 8629158 | R27: =TEXT(ROUND(H27,0),"#,##0") & " (" & TEXT(ROUND(I27,0),"#,##0") & "-" & TEXT(ROUND(J27,0),"#,##0") & ")" -> 9,230 (6,922-11,757) | S27: =3636989+3860534 -> 7497523 | T27: =TEXT(ROUND(K27,0),"#,##0") & " (" & TEXT(ROUND(L27,0),"#,##0") & "-" & TEXT(ROUND(M27,0),"#,##0") & ")" -> 8,019 (6,014-10,215)
A28: North Korea | B28: 97.425623 | C28: 69.263529 | D28: 129.39341 | E28: =(B28/100000)*'Birth Pop per Year'!C28 -> 293.05043 | F28: =(C28/100000)*'Birth Pop per Year'!G28 -> 180.30543 | G28: =(D28/100000)*'Birth Pop per Year'!C28 -> 389.2076 | H28: =(B28/100000)*'Birth Pop per Year'!G28 -> 253.61643 | I28: =(C28/100000)*'Birth Pop per Year'!G28 -> 180.30543 | J28: =(D28/100000)*'Birth Pop per Year'!G28 -> 336.83433 | K28: =(B28/100000)*'Birth Pop per Year'!K28 -> 256.46906 | L28: =(C28/100000)*'Birth Pop per Year'!K28 -> 182.33347 | M28: =(D28/100000)*'Birth Pop per Year'!K28 -> 340.62296 | N28: =TEXT(ROUND(B28,0),"#,##0") & " (" & TEXT(ROUND(C28,0),"#,##0") & "-" & TEXT(ROUND(D28,0),"#,##0") & ")" -> 97 (69-129) | O28: =146125+154669 -> 300794 | P28: =TEXT(ROUND(E28,0),"#,##0") & " (" & TEXT(ROUND(F28,0),"#,##0") & "-" & TEXT(ROUND(G28,0),"#,##0") & ")" -> 293 (180-389) | Q28: =126473+133845 -> 260318 | R28: =TEXT(ROUND(H28,0),"#,##0") & " (" & TEXT(ROUND(I28,0),"#,##0") & "-" & TEXT(ROUND(J28,0),"#,##0") & ")" -> 254 (180-337) | S28: =127887+135359 -> 263246 | T28: =TEXT(ROUND(K28,0),"#,##0") & " (" & TEXT(ROUND(L28,0),"#,##0") & "-" & TEXT(ROUND(M28,0),"#,##0") & ")" -> 256 (182-341)
A29: American Samoa | B29: 64.684625 | C29: 43.338699 | D29: 94.439553 | E29: =(B29/100000)*'Birth Pop per Year'!C29 -> 0.37775821 | F29: =(C29/100000)*'Birth Pop per Year'!G29 -> 0.25353139 | G29: =(D29/100000)*'Birth Pop per Year'!C29 -> 0.55152699 | H29: =(B29/100000)*'Birth Pop per Year'!G29 -> 0.37840506 | I29: =(C29/100000)*'Birth Pop per Year'!G29 -> 0.25353139 | J29: =(D29/100000)*'Birth Pop per Year'!G29 -> 0.55247139 | K29: =(B29/100000)*'Birth Pop per Year'!K29 -> 0.33053844 | L29: =(C29/100000)*'Birth Pop per Year'!K29 -> 0.22146075 | M29: =(D29/100000)*'Birth Pop per Year'!K29 -> 0.48258612 | N29: =TEXT(ROUND(B29,0),"#,##0") & " (" & TEXT(ROUND(C29,0),"#,##0") & "-" & TEXT(ROUND(D29,0),"#,##0") & ")" -> 65 (43-94) | O29: =284+300 -> 584 | P29: =TEXT(ROUND(E29,0),"#,##0") & " (" & TEXT(ROUND(F29,0),"#,##0") & "-" & TEXT(ROUND(G29,0),"#,##0") & ")" -> 0 (0-1) | Q29: =284+301 -> 585 | R29: =TEXT(ROUND(H29,0),"#,##0") & " (" & TEXT(ROUND(I29,0),"#,##0") & "-" & TEXT(ROUND(J29,0),"#,##0") & ")" -> 0 (0-1) | S29: =248+263 -> 511 | T29: =TEXT(ROUND(K29,0),"#,##0") & " (" & TEXT(ROUND(L29,0),"#,##0") & "-" & TEXT(ROUND(M29,0),"#,##0") & ")" -> 0 (0-0)
A30: Fiji | B30: 61.289179 | C30: 42.683535 | D30: 89.197644 | E30: =(B30/100000)*'Birth Pop per Year'!C30 -> 9.6744968 | F30: =(C30/100000)*'Birth Pop per Year'!G30 -> 6.478507 | G30: =(D30/100000)*'Birth Pop per Year'!C30 -> 14.079848 | H30: =(B30/100000)*'Birth Pop per Year'!G30 -> 9.3024715 | I30: =(C30/100000)*'Birth Pop per Year'!G30 -> 6.478507 | J30: =(D30/100000)*'Birth Pop per Year'!G30 -> 13.538418 | K30: =(B30/100000)*'Birth Pop per Year'!K30 -> 8.489777 | L30: =(C30/100000)*'Birth Pop per Year'!K30 -> 5.9125233 | M30: =(D30/100000)*'Birth Pop per Year'!K30 -> 12.355658 | N30: =TEXT(ROUND(B30,0),"#,##0") & " (" & TEXT(ROUND(C30,0),"#,##0") & "-" & TEXT(ROUND(D30,0),"#,##0") & ")" -> 61 (43-89) | O30: =7640+8145 -> 15785 | P30: =TEXT(ROUND(E30,0),"#,##0") & " (" & TEXT(ROUND(F30,0),"#,##0") & "-" & TEXT(ROUND(G30,0),"#,##0") & ")" -> 10 (6-14) | Q30: =7350+7828 -> 15178 | R30: =TEXT(ROUND(H30,0),"#,##0") & " (" & TEXT(ROUND(I30,0),"#,##0") & "-" & TEXT(ROUND(J30,0),"#,##0") & ")" -> 9 (6-14) | S30: =6709+7143 -> 13852 | T30: =TEXT(ROUND(K30,0),"#,##0") & " (" & TEXT(ROUND(L30,0),"#,##0") & "-" & TEXT(ROUND(M30,0),"#,##0") & ")" -> 8 (6-12)
A31: Guam | B31: 69.941843 | C31: 45.710024 | D31: 105.18813 | E31: =(B31/100000)*'Birth Pop per Year'!C31 -> 1.9164065 | F31: =(C31/100000)*'Birth Pop per Year'!G31 -> 1.2469694 | G31: =(D31/100000)*'Birth Pop per Year'!C31 -> 2.8821547 | H31: =(B31/100000)*'Birth Pop per Year'!G31 -> 1.9080135 | I31: =(C31/100000)*'Birth Pop per Year'!G31 -> 1.2469694 | J31: =(D31/100000)*'Birth Pop per Year'!G31 -> 2.8695321 | K31: =(B31/100000)*'Birth Pop per Year'!K31 -> 1.9352908 | L31: =(C31/100000)*'Birth Pop per Year'!K31 -> 1.2647964 | M31: =(D31/100000)*'Birth Pop per Year'!K31 -> 2.9105555 | N31: =TEXT(ROUND(B31,0),"#,##0") & " (" & TEXT(ROUND(C31,0),"#,##0") & "-" & TEXT(ROUND(D31,0),"#,##0") & ")" -> 70 (46-105) | O31: =1325+1415 -> 2740 | P31: =TEXT(ROUND(E31,0),"#,##0") & " (" & TEXT(ROUND(F31,0),"#,##0") & "-" & TEXT(ROUND(G31,0),"#,##0") & ")" -> 2 (1-3) | Q31: =1319+1409 -> 2728 | R31: =TEXT(ROUND(H31,0),"#,##0") & " (" & TEXT(ROUND(I31,0),"#,##0") & "-" & TEXT(ROUND(J31,0),"#,##0") & ")" -> 2 (1-3) | S31: =1337+1430 -> 2767 | T31: =TEXT(ROUND(K31,0),"#,##0") & " (" & TEXT(ROUND(L31,0),"#,##0") & "-" & TEXT(ROUND(M31,0),"#,##0") & ")" -> 2 (1-3)
A32: Kiribati | B32: 58.335621 | C32: 41.723491 | D32: 84.605967 | E32: =(B32/100000)*'Birth Pop per Year'!C32 -> 1.8964911 | F32: =(C32/100000)*'Birth Pop per Year'!G32 -> 1.4190159 | G32: =(D32/100000)*'Birth Pop per Year'!C32 -> 2.75054 | H32: =(B32/100000)*'Birth Pop per Year'!G32 -> 1.9839945 | I32: =(C32/100000)*'Birth Pop per Year'!G32 -> 1.4190159 | J32: =(D32/100000)*'Birth Pop per Year'!G32 -> 2.877449 | K32: =(B32/100000)*'Birth Pop per Year'!K32 -> 2.006162 | L32: =(C32/100000)*'Birth Pop per Year'!K32 -> 1.4348708 | M32: =(D32/100000)*'Birth Pop per Year'!K32 -> 2.9095992 | N32: =TEXT(ROUND(B32,0),"#,##0") & " (" & TEXT(ROUND(C32,0),"#,##0") & "-" & TEXT(ROUND(D32,0),"#,##0") & ")" -> 58 (42-85) | O32: =1577+1674 -> 3251 | P32: =TEXT(ROUND(E32,0),"#,##0") & " (" & TEXT(ROUND(F32,0),"#,##0") & "-" & TEXT(ROUND(G32,0),"#,##0") & ")" -> 2 (1-3) | Q32: =1651+1750 -> 3401 | R32: =TEXT(ROUND(H32,0),"#,##0") & " (" & TEXT(ROUND(I32,0),"#,##0") & "-" & TEXT(ROUND(J32,0),"#,##0") & ")" -> 2 (1-3) | S32: =1670+1769 -> 3439 | T32: =TEXT(ROUND(K32,0),"#,##0") & " (" & TEXT(ROUND(L32,0),"#,##0") & "-" & TEXT(ROUND(M32,0),"#,##0") & ")" -> 2 (1-3)
A33: Marshall Islands | B33: 61.251567 | C33: 43.053637 | D33: 87.882682 | E33: =(B33/100000)*'Birth Pop per Year'!C33 -> 0.35770915 | F33: =(C33/100000)*'Birth Pop per Year'!G33 -> 0.24798895 | G33: =(D33/100000)*'Birth Pop per Year'!C33 -> 0.51323487 | H33: =(B33/100000)*'Birth Pop per Year'!G33 -> 0.35280902 | I33: =(C33/100000)*'Birth Pop per Year'!G33 -> 0.24798895 | J33: =(D33/100000)*'Birth Pop per Year'!G33 -> 0.50620425 | K33: =(B33/100000)*'Birth Pop per Year'!K33 -> 0.26521928 | L33: =(C33/100000)*'Birth Pop per Year'!K33 -> 0.18642225 | M33: =(D33/100000)*'Birth Pop per Year'!K33 -> 0.38053201 | N33: =TEXT(ROUND(B33,0),"#,##0") & " (" & TEXT(ROUND(C33,0),"#,##0") & "-" & TEXT(ROUND(D33,0),"#,##0") & ")" -> 61 (43-88) | O33: =283+301 -> 584 | P33: =TEXT(ROUND(E33,0),"#,##0") & " (" & TEXT(ROUND(F33,0),"#,##0") & "-" & TEXT(ROUND(G33,0),"#,##0") & ")" -> 0 (0-1) | Q33: =279+297 -> 576 | R33: =TEXT(ROUND(H33,0),"#,##0") & " (" & TEXT(ROUND(I33,0),"#,##0") & "-" & TEXT(ROUND(J33,0),"#,##0") & ")" -> 0 (0-1) | S33: =210+223 -> 433 | T33: =TEXT(ROUND(K33,0),"#,##0") & " (" & TEXT(ROUND(L33,0),"#,##0") & "-" & TEXT(ROUND(M33,0),"#,##0") & ")" -> 0 (0-0)
A34: Micronesia | B34: 51.211985 | C34: 36.256273 | D34: 72.512546 | E34: =(B34/100000)*'Birth Pop per Year'!C34 -> 1.2403543 | F34: =(C34/100000)*'Birth Pop per Year'!G34 -> 0.80778976 | G34: =(D34/100000)*'Birth Pop per Year'!C34 -> 1.7562539 | H34: =(B34/100000)*'Birth Pop per Year'!G34 -> 1.141003 | I34: =(C34/100000)*'Birth Pop per Year'!G34 -> 0.80778976 | J34: =(D34/100000)*'Birth Pop per Year'!G34 -> 1.6155795 | K34: =(B34/100000)*'Birth Pop per Year'!K34 -> 1.0457487 | L34: =(C34/100000)*'Birth Pop per Year'!K34 -> 0.74035309 | M34: =(D34/100000)*'Birth Pop per Year'!K34 -> 1.4807062 | N34: =TEXT(ROUND(B34,0),"#,##0") & " (" & TEXT(ROUND(C34,0),"#,##0") & "-" & TEXT(ROUND(D34,0),"#,##0") & ")" -> 51 (36-73) | O34: =1173+1249 -> 2422 | P34: =TEXT(ROUND(E34,0),"#,##0") & " (" & TEXT(ROUND(F34,0),"#,##0") & "-" & TEXT(ROUND(G34,0),"#,##0") & ")" -> 1 (1-2) | Q34: =1080+1148 -> 2228 | R34: =TEXT(ROUND(H34,0),"#,##0") & " (" & TEXT(ROUND(I34,0),"#,##0") & "-" & TEXT(ROUND(J34,0),"#,##0") & ")" -> 1 (1-2) | S34: =990+1052 -> 2042 | T34: =TEXT(ROUND(K34,0),"#,##0") & " (" & TEXT(ROUND(L34,0),"#,##0") & "-" & TEXT(ROUND(M34,0),"#,##0") & ")" -> 1 (1-1)
A35: Nauru | B35: 78.314682 | C35: 53.483197 | D35: 110.78662 | E35: =(B35/100000)*'Birth Pop per Year'!C35 -> 0.22319684 | F35: =(C35/100000)*'Birth Pop per Year'!G35 -> 0.17168106 | G35: =(D35/100000)*'Birth Pop per Year'!C35 -> 0.31574188 | H35: =(B35/100000)*'Birth Pop per Year'!G35 -> 0.25139013 | I35: =(C35/100000)*'Birth Pop per Year'!G35 -> 0.17168106 | J35: =(D35/100000)*'Birth Pop per Year'!G35 -> 0.35562506 | K35: =(B35/100000)*'Birth Pop per Year'!K35 -> 0.24747439 | L35: =(C35/100000)*'Birth Pop per Year'!K35 -> 0.1690069 | M35: =(D35/100000)*'Birth Pop per Year'!K35 -> 0.35008573 | N35: =TEXT(ROUND(B35,0),"#,##0") & " (" & TEXT(ROUND(C35,0),"#,##0") & "-" & TEXT(ROUND(D35,0),"#,##0") & ")" -> 78 (53-111) | O35: =138+147 -> 285 | P35: =TEXT(ROUND(E35,0),"#,##0") & " (" & TEXT(ROUND(F35,0),"#,##0") & "-" & TEXT(ROUND(G35,0),"#,##0") & ")" -> 0 (0-0) | Q35: =155+166 -> 321 | R35: =TEXT(ROUND(H35,0),"#,##0") & " (" & TEXT(ROUND(I35,0),"#,##0") & "-" & TEXT(ROUND(J35,0),"#,##0") & ")" -> 0 (0-0) | S35: =153+163 -> 316 | T35: =TEXT(ROUND(K35,0),"#,##0") & " (" & TEXT(ROUND(L35,0),"#,##0") & "-" & TEXT(ROUND(M35,0),"#,##0") & ")" -> 0 (0-0)
A36: Northern Mariana Islands | B36: 56.023807 | C36: 37.12421 | D36: 83.698218 | E36: =(B36/100000)*'Birth Pop per Year'!C36 -> 0.23922166 | F36: =(C36/100000)*'Birth Pop per Year'!G36 -> 0.20789557 | G36: =(D36/100000)*'Birth Pop per Year'!C36 -> 0.35739139 | H36: =(B36/100000)*'Birth Pop per Year'!G36 -> 0.31373332 | I36: =(C36/100000)*'Birth Pop per Year'!G36 -> 0.20789557 | J36: =(D36/100000)*'Birth Pop per Year'!G36 -> 0.46871002 | K36: =(B36/100000)*'Birth Pop per Year'!K36 -> 0.2677938 | L36: =(C36/100000)*'Birth Pop per Year'!K36 -> 0.17745372 | M36: =(D36/100000)*'Birth Pop per Year'!K36 -> 0.40007748 | N36: =TEXT(ROUND(B36,0),"#,##0") & " (" & TEXT(ROUND(C36,0),"#,##0") & "-" & TEXT(ROUND(D36,0),"#,##0") & ")" -> 56 (37-84) | O36: =198+229 -> 427 | P36: =TEXT(ROUND(E36,0),"#,##0") & " (" & TEXT(ROUND(F36,0),"#,##0") & "-" & TEXT(ROUND(G36,0),"#,##0") & ")" -> 0 (0-0) | Q36: =260+300 -> 560 | R36: =TEXT(ROUND(H36,0),"#,##0") & " (" & TEXT(ROUND(I36,0),"#,##0") & "-" & TEXT(ROUND(J36,0),"#,##0") & ")" -> 0 (0-0) | S36: =222+256 -> 478 | T36: =TEXT(ROUND(K36,0),"#,##0") & " (" & TEXT(ROUND(L36,0),"#,##0") & "-" & TEXT(ROUND(M36,0),"#,##0") & ")" -> 0 (0-0)
A37: Palau | B37: 60.161393 | C37: 40.697413 | D37: 84.933731 | E37: =(B37/100000)*'Birth Pop per Year'!C37 -> 0.10708728 | F37: =(C37/100000)*'Birth Pop per Year'!G37 -> 0.071627447 | G37: =(D37/100000)*'Birth Pop per Year'!C37 -> 0.15118204 | H37: =(B37/100000)*'Birth Pop per Year'!G37 -> 0.10588405 | I37: =(C37/100000)*'Birth Pop per Year'!G37 -> 0.071627447 | J37: =(D37/100000)*'Birth Pop per Year'!G37 -> 0.14948337 | K37: =(B37/100000)*'Birth Pop per Year'!K37 -> 0.093851773 | L37: =(C37/100000)*'Birth Pop per Year'!K37 -> 0.063487964 | M37: =(D37/100000)*'Birth Pop per Year'!K37 -> 0.13249662 | N37: =TEXT(ROUND(B37,0),"#,##0") & " (" & TEXT(ROUND(C37,0),"#,##0") & "-" & TEXT(ROUND(D37,0),"#,##0") & ")" -> 60 (41-85) | O37: =86+92 -> 178 | P37: =TEXT(ROUND(E37,0),"#,##0") & " (" & TEXT(ROUND(F37,0),"#,##0") & "-" & TEXT(ROUND(G37,0),"#,##0") & ")" -> 0 (0-0) | Q37: =85+91 -> 176 | R37: =TEXT(ROUND(H37,0),"#,##0") & " (" & TEXT(ROUND(I37,0),"#,##0") & "-" & TEXT(ROUND(J37,0),"#,##0") & ")" -> 0 (0-0) | S37: =75+81 -> 156 | T37: =TEXT(ROUND(K37,0),"#,##0") & " (" & TEXT(ROUND(L37,0),"#,##0") & "-" & TEXT(ROUND(M37,0),"#,##0") & ")" -> 0 (0-0)
A38: Papua New Guinea | B38: 93.353395 | C38: 65.588808 | D38: 134.79908 | E38: =(B38/100000)*'Birth Pop per Year'!C38 -> 235.77893 | F38: =(C38/100000)*'Birth Pop per Year'!G38 -> 170.78998 | G38: =(D38/100000)*'Birth Pop per Year'!C38 -> 340.45665 | H38: =(B38/100000)*'Birth Pop per Year'!G38 -> 243.08757 | I38: =(C38/100000)*'Birth Pop per Year'!G38 -> 170.78998 | J38: =(D38/100000)*'Birth Pop per Year'!G38 -> 351.01007 | K38: =(B38/100000)*'Birth Pop per Year'!K38 -> 246.4539 | L38: =(C38/100000)*'Birth Pop per Year'!K38 -> 173.15511 | M38: =(D38/100000)*'Birth Pop per Year'!K38 -> 355.87093 | N38: =TEXT(ROUND(B38,0),"#,##0") & " (" & TEXT(ROUND(C38,0),"#,##0") & "-" & TEXT(ROUND(D38,0),"#,##0") & ")" -> 93 (66-135) | O38: =122019+130547 -> 252566 | P38: =TEXT(ROUND(E38,0),"#,##0") & " (" & TEXT(ROUND(F38,0),"#,##0") & "-" & TEXT(ROUND(G38,0),"#,##0") & ")" -> 236 (171-340) | Q38: =125842+134553 -> 260395 | R38: =TEXT(ROUND(H38,0),"#,##0") & " (" & TEXT(ROUND(I38,0),"#,##0") & "-" & TEXT(ROUND(J38,0),"#,##0") & ")" -> 243 (171-351) | S38: =127601+136400 -> 264001 | T38: =TEXT(ROUND(K38,0),"#,##0") & " (" & TEXT(ROUND(L38,0),"#,##0") & "-" & TEXT(ROUND(M38,0),"#,##0") & ")" -> 246 (173-356)
A39: Samoa | B39: 77.229063 | C39: 54.097653 | D39: 109.31457 | E39: =(B39/100000)*'Birth Pop per Year'!C39 -> 4.1487453 | F39: =(C39/100000)*'Birth Pop per Year'!G39 -> 3.3854311 | G39: =(D39/100000)*'Birth Pop per Year'!C39 -> 5.8723785 | H39: =(B39/100000)*'Birth Pop per Year'!G39 -> 4.8329948 | I39: =(C39/100000)*'Birth Pop per Year'!G39 -> 3.3854311 | J39: =(D39/100000)*'Birth Pop per Year'!G39 -> 6.8409056 | K39: =(B39/100000)*'Birth Pop per Year'!K39 -> 4.6013076 | L39: =(C39/100000)*'Birth Pop per Year'!K39 -> 3.2231381 | M39: =(D39/100000)*'Birth Pop per Year'!K39 -> 6.5129619 | N39: =TEXT(ROUND(B39,0),"#,##0") & " (" & TEXT(ROUND(C39,0),"#,##0") & "-" & TEXT(ROUND(D39,0),"#,##0") & ")" -> 77 (54-109) | O39: =2591+2781 -> 5372 | P39: =TEXT(ROUND(E39,0),"#,##0") & " (" & TEXT(ROUND(F39,0),"#,##0") & "-" & TEXT(ROUND(G39,0),"#,##0") & ")" -> 4 (3-6) | Q39: =3019+3239 -> 6258 | R39: =TEXT(ROUND(H39,0),"#,##0") & " (" & TEXT(ROUND(I39,0),"#,##0") & "-" & TEXT(ROUND(J39,0),"#,##0") & ")" -> 5 (3-7) | S39: =2873+3085 -> 5958 | T39: =TEXT(ROUND(K39,0),"#,##0") & " (" & TEXT(ROUND(L39,0),"#,##0") & "-" & TEXT(ROUND(M39,0),"#,##0") & ")" -> 5 (3-7)
A40: Solomon Islands | B40: 69.643014 | C40: 49.376528 | D40: 100.59546 | E40: =(B40/100000)*'Birth Pop per Year'!C40 -> 16.139768 | F40: =(C40/100000)*'Birth Pop per Year'!G40 -> 12.480411 | G40: =(D40/100000)*'Birth Pop per Year'!C40 -> 23.312999 | H40: =(B40/100000)*'Birth Pop per Year'!G40 -> 17.602968 | I40: =(C40/100000)*'Birth Pop per Year'!G40 -> 12.480411 | J40: =(D40/100000)*'Birth Pop per Year'!G40 -> 25.42651 | K40: =(B40/100000)*'Birth Pop per Year'!K40 -> 17.809808 | L40: =(C40/100000)*'Birth Pop per Year'!K40 -> 12.62706 | M40: =(D40/100000)*'Birth Pop per Year'!K40 -> 25.725278 | N40: =TEXT(ROUND(B40,0),"#,##0") & " (" & TEXT(ROUND(C40,0),"#,##0") & "-" & TEXT(ROUND(D40,0),"#,##0") & ")" -> 70 (49-101) | O40: =11215+11960 -> 23175 | P40: =TEXT(ROUND(E40,0),"#,##0") & " (" & TEXT(ROUND(F40,0),"#,##0") & "-" & TEXT(ROUND(G40,0),"#,##0") & ")" -> 16 (12-23) | Q40: =12233+13043 -> 25276 | R40: =TEXT(ROUND(H40,0),"#,##0") & " (" & TEXT(ROUND(I40,0),"#,##0") & "-" & TEXT(ROUND(J40,0),"#,##0") & ")" -> 18 (12-25) | S40: =12376+13197 -> 25573 | T40: =TEXT(ROUND(K40,0),"#,##0") & " (" & TEXT(ROUND(L40,0),"#,##0") & "-" & TEXT(ROUND(M40,0),"#,##0") & ")" -> 18 (13-26)
A41: Tonga | B41: 83.708309 | C41: 57.850769 | D41: 123.59028 | E41: =(B41/100000)*'Birth Pop per Year'!C41 -> 1.8583245 | F41: =(C41/100000)*'Birth Pop per Year'!G41 -> 1.2918077 | G41: =(D41/100000)*'Birth Pop per Year'!C41 -> 2.7437042 | H41: =(B41/100000)*'Birth Pop per Year'!G41 -> 1.8692065 | I41: =(C41/100000)*'Birth Pop per Year'!G41 -> 1.2918077 | J41: =(D41/100000)*'Birth Pop per Year'!G41 -> 2.7597709 | K41: =(B41/100000)*'Birth Pop per Year'!K41 -> 1.6289637 | L41: =(C41/100000)*'Birth Pop per Year'!K41 -> 1.125776 | M41: =(D41/100000)*'Birth Pop per Year'!K41 -> 2.4050668 | N41: =TEXT(ROUND(B41,0),"#,##0") & " (" & TEXT(ROUND(C41,0),"#,##0") & "-" & TEXT(ROUND(D41,0),"#,##0") & ")" -> 84 (58-124) | O41: =1067+1153 -> 2220 | P41: =TEXT(ROUND(E41,0),"#,##0") & " (" & TEXT(ROUND(F41,0),"#,##0") & "-" & TEXT(ROUND(G41,0),"#,##0") & ")" -> 2 (1-3) | Q41: =1073+1160 -> 2233 | R41: =TEXT(ROUND(H41,0),"#,##0") & " (" & TEXT(ROUND(I41,0),"#,##0") & "-" & TEXT(ROUND(J41,0),"#,##0") & ")" -> 2 (1-3) | S41: =935+1011 -> 1946 | T41: =TEXT(ROUND(K41,0),"#,##0") & " (" & TEXT(ROUND(L41,0),"#,##0") & "-" & TEXT(ROUND(M41,0),"#,##0") & ")" -> 2 (1-2)
A42: Tuvalu | B42: 67.035374 | C42: 47.155918 | D42: 98.472653 | E42: =(B42/100000)*'Birth Pop per Year'!C42 -> 0.11194907 | F42: =(C42/100000)*'Birth Pop per Year'!G42 -> 0.08676689 | G42: =(D42/100000)*'Birth Pop per Year'!C42 -> 0.16444933 | H42: =(B42/100000)*'Birth Pop per Year'!G42 -> 0.12334509 | I42: =(C42/100000)*'Birth Pop per Year'!G42 -> 0.08676689 | J42: =(D42/100000)*'Birth Pop per Year'!G42 -> 0.18118968 | K42: =(B42/100000)*'Birth Pop per Year'!K42 -> 0.1246858 | L42: =(C42/100000)*'Birth Pop per Year'!K42 -> 0.087710008 | M42: =(D42/100000)*'Birth Pop per Year'!K42 -> 0.18315913 | N42: =TEXT(ROUND(B42,0),"#,##0") & " (" & TEXT(ROUND(C42,0),"#,##0") & "-" & TEXT(ROUND(D42,0),"#,##0") & ")" -> 67 (47-98) | O42: =81+86 -> 167 | P42: =TEXT(ROUND(E42,0),"#,##0") & " (" & TEXT(ROUND(F42,0),"#,##0") & "-" & TEXT(ROUND(G42,0),"#,##0") & ")" -> 0 (0-0) | Q42: =89+95 -> 184 | R42: =TEXT(ROUND(H42,0),"#,##0") & " (" & TEXT(ROUND(I42,0),"#,##0") & "-" & TEXT(ROUND(J42,0),"#,##0") & ")" -> 0 (0-0) | S42: =90+96 -> 186 | T42: =TEXT(ROUND(K42,0),"#,##0") & " (" & TEXT(ROUND(L42,0),"#,##0") & "-" & TEXT(ROUND(M42,0),"#,##0") & ")" -> 0 (0-0)
A43: Vanuatu | B43: 63.711679 | C43: 45.706205 | D43: 90.373632 | E43: =(B43/100000)*'Birth Pop per Year'!C43 -> 6.0016402 | F43: =(C43/100000)*'Birth Pop per Year'!G43 -> 4.9440402 | G43: =(D43/100000)*'Birth Pop per Year'!C43 -> 8.5131962 | H43: =(B43/100000)*'Birth Pop per Year'!G43 -> 6.8916924 | I43: =(C43/100000)*'Birth Pop per Year'!G43 -> 4.9440402 | J43: =(D43/100000)*'Birth Pop per Year'!G43 -> 9.7757158 | K43: =(B43/100000)*'Birth Pop per Year'!K43 -> 7.2956244 | L43: =(C43/100000)*'Birth Pop per Year'!K43 -> 5.2338175 | M43: =(D43/100000)*'Birth Pop per Year'!K43 -> 10.348685 | N43: =TEXT(ROUND(B43,0),"#,##0") & " (" & TEXT(ROUND(C43,0),"#,##0") & "-" & TEXT(ROUND(D43,0),"#,##0") & ")" -> 64 (46-90) | O43: =4557+4863 -> 9420 | P43: =TEXT(ROUND(E43,0),"#,##0") & " (" & TEXT(ROUND(F43,0),"#,##0") & "-" & TEXT(ROUND(G43,0),"#,##0") & ")" -> 6 (5-9) | Q43: =5233+5584 -> 10817 | R43: =TEXT(ROUND(H43,0),"#,##0") & " (" & TEXT(ROUND(I43,0),"#,##0") & "-" & TEXT(ROUND(J43,0),"#,##0") & ")" -> 7 (5-10) | S43: =5538+5913 -> 11451 | T43: =TEXT(ROUND(K43,0),"#,##0") & " (" & TEXT(ROUND(L43,0),"#,##0") & "-" & TEXT(ROUND(M43,0),"#,##0") & ")" -> 7 (5-10)
A44: Cambodia | B44: 139.05462 | C44: 98.265266 | D44: 184.94265 | E44: =(B44/100000)*'Birth Pop per Year'!C44 -> 473.79803 | F44: =(C44/100000)*'Birth Pop per Year'!G44 -> 332.07174 | G44: =(D44/100000)*'Birth Pop per Year'!C44 -> 630.15138 | H44: =(B44/100000)*'Birth Pop per Year'!G44 -> 469.91285 | I44: =(C44/100000)*'Birth Pop per Year'!G44 -> 332.07174 | J44: =(D44/100000)*'Birth Pop per Year'!G44 -> 624.98409 | K44: =(B44/100000)*'Birth Pop per Year'!K44 -> 453.14425 | L44: =(C44/100000)*'Birth Pop per Year'!K44 -> 320.22194 | M44: =(D44/100000)*'Birth Pop per Year'!K44 -> 602.68185 | N44: =TEXT(ROUND(B44,0),"#,##0") & " (" & TEXT(ROUND(C44,0),"#,##0") & "-" & TEXT(ROUND(D44,0),"#,##0") & ")" -> 139 (98-185) | O44: =166409+174319 -> 340728 | P44: =TEXT(ROUND(E44,0),"#,##0") & " (" & TEXT(ROUND(F44,0),"#,##0") & "-" & TEXT(ROUND(G44,0),"#,##0") & ")" -> 474 (332-630) | Q44: =165065+172869 -> 337934 | R44: =TEXT(ROUND(H44,0),"#,##0") & " (" & TEXT(ROUND(I44,0),"#,##0") & "-" & TEXT(ROUND(J44,0),"#,##0") & ")" -> 470 (332-625) | S44: =159119+166756 -> 325875 | T44: =TEXT(ROUND(K44,0),"#,##0") & " (" & TEXT(ROUND(L44,0),"#,##0") & "-" & TEXT(ROUND(M44,0),"#,##0") & ")" -> 453 (320-603)
A45: Indonesia | B45: 123.97827 | C45: 86.969832 | D45: 164.68756 | E45: =(B45/100000)*'Birth Pop per Year'!C45 -> 5325.5487 | F45: =(C45/100000)*'Birth Pop per Year'!G45 -> 3670.4548 | G45: =(D45/100000)*'Birth Pop per Year'!C45 -> 7074.2363 | H45: =(B45/100000)*'Birth Pop per Year'!G45 -> 5232.3505 | I45: =(C45/100000)*'Birth Pop per Year'!G45 -> 3670.4548 | J45: =(D45/100000)*'Birth Pop per Year'!G45 -> 6950.4357 | K45: =(B45/100000)*'Birth Pop per Year'!K45 -> 4857.0211 | L45: =(C45/100000)*'Birth Pop per Year'!K45 -> 3407.1641 | M45: =(D45/100000)*'Birth Pop per Year'!K45 -> 6451.8639 | N45: =TEXT(ROUND(B45,0),"#,##0") & " (" & TEXT(ROUND(C45,0),"#,##0") & "-" & TEXT(ROUND(D45,0),"#,##0") & ")" -> 124 (87-165) | O45: =2088480+2207070 -> 4295550 | P45: =TEXT(ROUND(E45,0),"#,##0") & " (" & TEXT(ROUND(F45,0),"#,##0") & "-" & TEXT(ROUND(G45,0),"#,##0") & ")" -> 5,326 (3,670-7,074) | Q45: =2051654+2168723 -> 4220377 | R45: =TEXT(ROUND(H45,0),"#,##0") & " (" & TEXT(ROUND(I45,0),"#,##0") & "-" & TEXT(ROUND(J45,0),"#,##0") & ")" -> 5,232 (3,670-6,950) | S45: =1903823+2013816 -> 3917639 | T45: =TEXT(ROUND(K45,0),"#,##0") & " (" & TEXT(ROUND(L45,0),"#,##0") & "-" & TEXT(ROUND(M45,0),"#,##0") & ")" -> 4,857 (3,407-6,452)
A46: Lao PDR | B46: 183.32643 | C46: 131.34526 | D46: 245.9823 | E46: =(B46/100000)*'Birth Pop per Year'!C46 -> 278.62134 | F46: =(C46/100000)*'Birth Pop per Year'!G46 -> 189.91606 | G46: =(D46/100000)*'Birth Pop per Year'!C46 -> 373.84636 | H46: =(B46/100000)*'Birth Pop per Year'!G46 -> 265.07718 | I46: =(C46/100000)*'Birth Pop per Year'!G46 -> 189.91606 | J46: =(D46/100000)*'Birth Pop per Year'!G46 -> 355.67318 | K46: =(B46/100000)*'Birth Pop per Year'!K46 -> 246.20923 | L46: =(C46/100000)*'Birth Pop per Year'!K46 -> 176.398 | M46: =(D46/100000)*'Birth Pop per Year'!K46 -> 330.35669 | N46: =TEXT(ROUND(B46,0),"#,##0") & " (" & TEXT(ROUND(C46,0),"#,##0") & "-" & TEXT(ROUND(D46,0),"#,##0") & ")" -> 183 (131-246) | O46: =74289+77692 -> 151981 | P46: =TEXT(ROUND(E46,0),"#,##0") & " (" & TEXT(ROUND(F46,0),"#,##0") & "-" & TEXT(ROUND(G46,0),"#,##0") & ")" -> 279 (190-374) | Q46: =70674+73919 -> 144593 | R46: =TEXT(ROUND(H46,0),"#,##0") & " (" & TEXT(ROUND(I46,0),"#,##0") & "-" & TEXT(ROUND(J46,0),"#,##0") & ")" -> 265 (190-356) | S46: =65617+68684 -> 134301 | T46: =TEXT(ROUND(K46,0),"#,##0") & " (" & TEXT(ROUND(L46,0),"#,##0") & "-" & TEXT(ROUND(M46,0),"#,##0") & ")" -> 246 (176-330)
A47: Malaysia | B47: 202.13066 | C47: 146.20518 | D47: 260.45295 | E47: =(B47/100000)*'Birth Pop per Year'!C47 -> 909.16351 | F47: =(C47/100000)*'Birth Pop per Year'!G47 -> 684.17154 | G47: =(D47/100000)*'Birth Pop per Year'!C47 -> 1171.4913 | H47: =(B47/100000)*'Birth Pop per Year'!G47 -> 945.8765 | I47: =(C47/100000)*'Birth Pop per Year'!G47 -> 684.17154 | J47: =(D47/100000)*'Birth Pop per Year'!G47 -> 1218.7974 | K47: =(B47/100000)*'Birth Pop per Year'!K47 -> 903.37853 | L47: =(C47/100000)*'Birth Pop per Year'!K47 -> 653.4319 | M47: =(D47/100000)*'Birth Pop per Year'!K47 -> 1164.0372 | N47: =TEXT(ROUND(B47,0),"#,##0") & " (" & TEXT(ROUND(C47,0),"#,##0") & "-" & TEXT(ROUND(D47,0),"#,##0") & ")" -> 202 (146-260) | O47: =218041+231749 -> 449790 | P47: =TEXT(ROUND(E47,0),"#,##0") & " (" & TEXT(ROUND(F47,0),"#,##0") & "-" & TEXT(ROUND(G47,0),"#,##0") & ")" -> 909 (684-1,171) | Q47: =226893+241060 -> 467953 | R47: =TEXT(ROUND(H47,0),"#,##0") & " (" & TEXT(ROUND(I47,0),"#,##0") & "-" & TEXT(ROUND(J47,0),"#,##0") & ")" -> 946 (684-1,219) | S47: =216713+230215 -> 446928 | T47: =TEXT(ROUND(K47,0),"#,##0") & " (" & TEXT(ROUND(L47,0),"#,##0") & "-" & TEXT(ROUND(M47,0),"#,##0") & ")" -> 903 (653-1,164)
A48: Maldives | B48: 137.70865 | C48: 93.777059 | D48: 187.55412 | E48: =(B48/100000)*'Birth Pop per Year'!C48 -> 6.5989987 | F48: =(C48/100000)*'Birth Pop per Year'!G48 -> 4.7451192 | G48: =(D48/100000)*'Birth Pop per Year'!C48 -> 8.9875933 | H48: =(B48/100000)*'Birth Pop per Year'!G48 -> 6.9680579 | I48: =(C48/100000)*'Birth Pop per Year'!G48 -> 4.7451192 | J48: =(D48/100000)*'Birth Pop per Year'!G48 -> 9.4902383 | K48: =(B48/100000)*'Birth Pop per Year'!K48 -> 7.2971816 | L48: =(C48/100000)*'Birth Pop per Year'!K48 -> 4.9692463 | M48: =(D48/100000)*'Birth Pop per Year'!K48 -> 9.9384927 | N48: =TEXT(ROUND(B48,0),"#,##0") & " (" & TEXT(ROUND(C48,0),"#,##0") & "-" & TEXT(ROUND(D48,0),"#,##0") & ")" -> 138 (94-188) | O48: =2341+2451 -> 4792 | P48: =TEXT(ROUND(E48,0),"#,##0") & " (" & TEXT(ROUND(F48,0),"#,##0") & "-" & TEXT(ROUND(G48,0),"#,##0") & ")" -> 7 (5-9) | Q48: =2468+2592 -> 5060 | R48: =TEXT(ROUND(H48,0),"#,##0") & " (" & TEXT(ROUND(I48,0),"#,##0") & "-" & TEXT(ROUND(J48,0),"#,##0") & ")" -> 7 (5-9) | S48: =2584+2715 -> 5299 | T48: =TEXT(ROUND(K48,0),"#,##0") & " (" & TEXT(ROUND(L48,0),"#,##0") & "-" & TEXT(ROUND(M48,0),"#,##0") & ")" -> 7 (5-10)
A49: Mauritius | B49: 101.64826 | C49: 64.038403 | D49: 152.47239 | E49: =(B49/100000)*'Birth Pop per Year'!C49 -> 10.821474 | F49: =(C49/100000)*'Birth Pop per Year'!G49 -> 5.933158 | G49: =(D49/100000)*'Birth Pop per Year'!C49 -> 16.23221 | H49: =(B49/100000)*'Birth Pop per Year'!G49 -> 9.4177111 | I49: =(C49/100000)*'Birth Pop per Year'!G49 -> 5.933158 | J49: =(D49/100000)*'Birth Pop per Year'!G49 -> 14.126567 | K49: =(B49/100000)*'Birth Pop per Year'!K49 -> 7.4650481 | L49: =(C49/100000)*'Birth Pop per Year'!K49 -> 4.7029803 | M49: =(D49/100000)*'Birth Pop per Year'!K49 -> 11.197572 | N49: =TEXT(ROUND(B49,0),"#,##0") & " (" & TEXT(ROUND(C49,0),"#,##0") & "-" & TEXT(ROUND(D49,0),"#,##0") & ")" -> 102 (64-152) | O49: =5236+5410 -> 10646 | P49: =TEXT(ROUND(E49,0),"#,##0") & " (" & TEXT(ROUND(F49,0),"#,##0") & "-" & TEXT(ROUND(G49,0),"#,##0") & ")" -> 11 (6-16) | Q49: =4555+4710 -> 9265 | R49: =TEXT(ROUND(H49,0),"#,##0") & " (" & TEXT(ROUND(I49,0),"#,##0") & "-" & TEXT(ROUND(J49,0),"#,##0") & ")" -> 9 (6-14) | S49: =3610+3734 -> 7344 | T49: =TEXT(ROUND(K49,0),"#,##0") & " (" & TEXT(ROUND(L49,0),"#,##0") & "-" & TEXT(ROUND(M49,0),"#,##0") & ")" -> 7 (5-11)
A50: Myanmar | B50: 182.12702 | C50: 127.78748 | D50: 240.64652 | E50: =(B50/100000)*'Birth Pop per Year'!C50 -> 1512.0968 | F50: =(C50/100000)*'Birth Pop per Year'!G50 -> 989.03422 | G50: =(D50/100000)*'Birth Pop per Year'!C50 -> 1997.9509 | H50: =(B50/100000)*'Birth Pop per Year'!G50 -> 1409.6048 | I50: =(C50/100000)*'Birth Pop per Year'!G50 -> 989.03422 | J50: =(D50/100000)*'Birth Pop per Year'!G50 -> 1862.5271 | K50: =(B50/100000)*'Birth Pop per Year'!K50 -> 1317.2264 | L50: =(C50/100000)*'Birth Pop per Year'!K50 -> 924.21785 | M50: =(D50/100000)*'Birth Pop per Year'!K50 -> 1740.4663 | N50: =TEXT(ROUND(B50,0),"#,##0") & " (" & TEXT(ROUND(C50,0),"#,##0") & "-" & TEXT(ROUND(D50,0),"#,##0") & ")" -> 182 (128-241) | O50: =403697+426546 -> 830243 | P50: =TEXT(ROUND(E50,0),"#,##0") & " (" & TEXT(ROUND(F50,0),"#,##0") & "-" & TEXT(ROUND(G50,0),"#,##0") & ")" -> 1,512 (989-1,998) | Q50: =376481+397487 -> 773968 | R50: =TEXT(ROUND(H50,0),"#,##0") & " (" & TEXT(ROUND(I50,0),"#,##0") & "-" & TEXT(ROUND(J50,0),"#,##0") & ")" -> 1,410 (989-1,863) | S50: =351761+371485 -> 723246 | T50: =TEXT(ROUND(K50,0),"#,##0") & " (" & TEXT(ROUND(L50,0),"#,##0") & "-" & TEXT(ROUND(M50,0),"#,##0") & ")" -> 1,317 (924-1,740)
A51: Philippines | B51: 160.194 | C51: 118.13534 | D51: 207.20073 | E51: =(B51/100000)*'Birth Pop per Year'!C51 -> 2957.8187 | F51: =(C51/100000)*'Birth Pop per Year'!G51 -> 2181.9231 | G51: =(D51/100000)*'Birth Pop per Year'!C51 -> 3825.7501 | H51: =(B51/100000)*'Birth Pop per Year'!G51 -> 2958.7334 | I51: =(C51/100000)*'Birth Pop per Year'!G51 -> 2181.9231 | J51: =(D51/100000)*'Birth Pop per Year'!G51 -> 3826.9332 | K51: =(B51/100000)*'Birth Pop per Year'!K51 -> 2600.4259 | L51: =(C51/100000)*'Birth Pop per Year'!K51 -> 1917.6886 | M51: =(D51/100000)*'Birth Pop per Year'!K51 -> 3363.4853 | N51: =TEXT(ROUND(B51,0),"#,##0") & " (" & TEXT(ROUND(C51,0),"#,##0") & "-" & TEXT(ROUND(D51,0),"#,##0") & ")" -> 160 (118-207) | O51: =891055+955343 -> 1846398 | P51: =TEXT(ROUND(E51,0),"#,##0") & " (" & TEXT(ROUND(F51,0),"#,##0") & "-" & TEXT(ROUND(G51,0),"#,##0") & ")" -> 2,958 (2,182-3,826) | Q51: =891920+955049 -> 1846969 | R51: =TEXT(ROUND(H51,0),"#,##0") & " (" & TEXT(ROUND(I51,0),"#,##0") & "-" & TEXT(ROUND(J51,0),"#,##0") & ")" -> 2,959 (2,182-3,827) | S51: =783838+839460 -> 1623298 | T51: =TEXT(ROUND(K51,0),"#,##0") & " (" & TEXT(ROUND(L51,0),"#,##0") & "-" & TEXT(ROUND(M51,0),"#,##0") & ")" -> 2,600 (1,918-3,363)
A52: Seychelles | B52: 132.45484 | C52: 94.768945 | D52: 170.69494 | E52: =(B52/100000)*'Birth Pop per Year'!C52 -> 2.3418016 | F52: =(C52/100000)*'Birth Pop per Year'!G52 -> 1.4802909 | G52: =(D52/100000)*'Birth Pop per Year'!C52 -> 3.0178866 | H52: =(B52/100000)*'Birth Pop per Year'!G52 -> 2.0689446 | I52: =(C52/100000)*'Birth Pop per Year'!G52 -> 1.4802909 | J52: =(D52/100000)*'Birth Pop per Year'!G52 -> 2.666255 | K52: =(B52/100000)*'Birth Pop per Year'!K52 -> 2.0159627 | L52: =(C52/100000)*'Birth Pop per Year'!K52 -> 1.4423833 | M52: =(D52/100000)*'Birth Pop per Year'!K52 -> 2.597977 | N52: =TEXT(ROUND(B52,0),"#,##0") & " (" & TEXT(ROUND(C52,0),"#,##0") & "-" & TEXT(ROUND(D52,0),"#,##0") & ")" -> 132 (95-171) | O52: =869+899 -> 1768 | P52: =TEXT(ROUND(E52,0),"#,##0") & " (" & TEXT(ROUND(F52,0),"#,##0") & "-" & TEXT(ROUND(G52,0),"#,##0") & ")" -> 2 (1-3) | Q52: =768+794 -> 1562 | R52: =TEXT(ROUND(H52,0),"#,##0") & " (" & TEXT(ROUND(I52,0),"#,##0") & "-" & TEXT(ROUND(J52,0),"#,##0") & ")" -> 2 (1-3) | S52: =748+774 -> 1522 | T52: =TEXT(ROUND(K52,0),"#,##0") & " (" & TEXT(ROUND(L52,0),"#,##0") & "-" & TEXT(ROUND(M52,0),"#,##0") & ")" -> 2 (1-3)
A53: Sri Lanka | B53: 123.02505 | C53: 84.495225 | D53: 168.31449 | E53: =(B53/100000)*'Birth Pop per Year'!C53 -> 380.92492 | F53: =(C53/100000)*'Birth Pop per Year'!G53 -> 252.42442 | G53: =(D53/100000)*'Birth Pop per Year'!C53 -> 521.15552 | H53: =(B53/100000)*'Birth Pop per Year'!G53 -> 367.52995 | I53: =(C53/100000)*'Birth Pop per Year'!G53 -> 252.42442 | J53: =(D53/100000)*'Birth Pop per Year'!G53 -> 502.82944 | K53: =(B53/100000)*'Birth Pop per Year'!K53 -> 332.01877 | L53: =(C53/100000)*'Birth Pop per Year'!K53 -> 228.03487 | M53: =(D53/100000)*'Birth Pop per Year'!K53 -> 454.24546 | N53: =TEXT(ROUND(B53,0),"#,##0") & " (" & TEXT(ROUND(C53,0),"#,##0") & "-" & TEXT(ROUND(D53,0),"#,##0") & ")" -> 123 (84-168) | O53: =151535+158097 -> 309632 | P53: =TEXT(ROUND(E53,0),"#,##0") & " (" & TEXT(ROUND(F53,0),"#,##0") & "-" & TEXT(ROUND(G53,0),"#,##0") & ")" -> 381 (252-521) | Q53: =146180+152564 -> 298744 | R53: =TEXT(ROUND(H53,0),"#,##0") & " (" & TEXT(ROUND(I53,0),"#,##0") & "-" & TEXT(ROUND(J53,0),"#,##0") & ")" -> 368 (252-503) | S53: =132035+137844 -> 269879 | T53: =TEXT(ROUND(K53,0),"#,##0") & " (" & TEXT(ROUND(L53,0),"#,##0") & "-" & TEXT(ROUND(M53,0),"#,##0") & ")" -> 332 (228-454)
A54: Thailand | B54: 160.17353 | C54: 112.58574 | D54: 219.3681 | E54: =(B54/100000)*'Birth Pop per Year'!C54 -> 882.94217 | F54: =(C54/100000)*'Birth Pop per Year'!G54 -> 585.74421 | G54: =(D54/100000)*'Birth Pop per Year'!C54 -> 1209.2469 | H54: =(B54/100000)*'Birth Pop per Year'!G54 -> 833.32682 | I54: =(C54/100000)*'Birth Pop per Year'!G54 -> 585.74421 | J54: =(D54/100000)*'Birth Pop per Year'!G54 -> 1141.2954 | K54: =(B54/100000)*'Birth Pop per Year'!K54 -> 743.75778 | L54: =(C54/100000)*'Birth Pop per Year'!K54 -> 522.78627 | M54: =(D54/100000)*'Birth Pop per Year'!K54 -> 1018.6248 | N54: =TEXT(ROUND(B54,0),"#,##0") & " (" & TEXT(ROUND(C54,0),"#,##0") & "-" & TEXT(ROUND(D54,0),"#,##0") & ")" -> 160 (113-219) | O54: =267201+284040 -> 551241 | P54: =TEXT(ROUND(E54,0),"#,##0") & " (" & TEXT(ROUND(F54,0),"#,##0") & "-" & TEXT(ROUND(G54,0),"#,##0") & ")" -> 883 (586-1,209) | Q54: =252144+268121 -> 520265 | R54: =TEXT(ROUND(H54,0),"#,##0") & " (" & TEXT(ROUND(I54,0),"#,##0") & "-" & TEXT(ROUND(J54,0),"#,##0") & ")" -> 833 (586-1,141) | S54: =225017+239328 -> 464345 | T54: =TEXT(ROUND(K54,0),"#,##0") & " (" & TEXT(ROUND(L54,0),"#,##0") & "-" & TEXT(ROUND(M54,0),"#,##0") & ")" -> 744 (523-1,019)
A55: Timor-Leste | B55: 191.40931 | C55: 136.41643 | D55: 257.05971 | E55: =(B55/100000)*'Birth Pop per Year'!C55 -> 58.496598 | F55: =(C55/100000)*'Birth Pop per Year'!G55 -> 41.197762 | G55: =(D55/100000)*'Birth Pop per Year'!C55 -> 78.560019 | H55: =(B55/100000)*'Birth Pop per Year'!G55 -> 57.80561 | I55: =(C55/100000)*'Birth Pop per Year'!G55 -> 41.197762 | J55: =(D55/100000)*'Birth Pop per Year'!G55 -> 77.632033 | K55: =(B55/100000)*'Birth Pop per Year'!K55 -> 52.639473 | L55: =(C55/100000)*'Birth Pop per Year'!K55 -> 37.515883 | M55: =(D55/100000)*'Birth Pop per Year'!K55 -> 70.693992 | N55: =TEXT(ROUND(B55,0),"#,##0") & " (" & TEXT(ROUND(C55,0),"#,##0") & "-" & TEXT(ROUND(D55,0),"#,##0") & ")" -> 191 (136-257) | O55: =14810+15751 -> 30561 | P55: =TEXT(ROUND(E55,0),"#,##0") & " (" & TEXT(ROUND(F55,0),"#,##0") & "-" & TEXT(ROUND(G55,0),"#,##0") & ")" -> 58 (41-79) | Q55: =14638+15562 -> 30200 | R55: =TEXT(ROUND(H55,0),"#,##0") & " (" & TEXT(ROUND(I55,0),"#,##0") & "-" & TEXT(ROUND(J55,0),"#,##0") & ")" -> 58 (41-78) | S55: =13328+14173 -> 27501 | T55: =TEXT(ROUND(K55,0),"#,##0") & " (" & TEXT(ROUND(L55,0),"#,##0") & "-" & TEXT(ROUND(M55,0),"#,##0") & ")" -> 53 (38-71)
A56: Viet Nam | B56: 89.750063 | C56: 65.952698 | D56: 115.5872 | E56: =(B56/100000)*'Birth Pop per Year'!C56 -> 1130.5851 | F56: =(C56/100000)*'Birth Pop per Year'!G56 -> 858.39876 | G56: =(D56/100000)*'Birth Pop per Year'!C56 -> 1456.0566 | H56: =(B56/100000)*'Birth Pop per Year'!G56 -> 1168.1303 | I56: =(C56/100000)*'Birth Pop per Year'!G56 -> 858.39876 | J56: =(D56/100000)*'Birth Pop per Year'!G56 -> 1504.4102 | K56: =(B56/100000)*'Birth Pop per Year'!K56 -> 1029.3498 | L56: =(C56/100000)*'Birth Pop per Year'!K56 -> 756.41611 | M56: =(D56/100000)*'Birth Pop per Year'!K56 -> 1325.6777 | N56: =TEXT(ROUND(B56,0),"#,##0") & " (" & TEXT(ROUND(C56,0),"#,##0") & "-" & TEXT(ROUND(D56,0),"#,##0") & ")" -> 90 (66-116) | O56: =603734+655970 -> 1259704 | P56: =TEXT(ROUND(E56,0),"#,##0") & " (" & TEXT(ROUND(F56,0),"#,##0") & "-" & TEXT(ROUND(G56,0),"#,##0") & ")" -> 1,131 (858-1,456) | Q56: =629160+672377 -> 1301537 | R56: =TEXT(ROUND(H56,0),"#,##0") & " (" & TEXT(ROUND(I56,0),"#,##0") & "-" & TEXT(ROUND(J56,0),"#,##0") & ")" -> 1,168 (858-1,504) | S56: =555770+591137 -> 1146907 | T56: =TEXT(ROUND(K56,0),"#,##0") & " (" & TEXT(ROUND(L56,0),"#,##0") & "-" & TEXT(ROUND(M56,0),"#,##0") & ")" -> 1,029 (756-1,326)
A57: Angola | B57: 119.20807 | C57: 81.92153 | D57: 162.21007 | E57: =(B57/100000)*'Birth Pop per Year'!C57 -> 1794.8325 | F57: =(C57/100000)*'Birth Pop per Year'!G57 -> 1436.3433 | G57: =(D57/100000)*'Birth Pop per Year'!C57 -> 2442.2835 | H57: =(B57/100000)*'Birth Pop per Year'!G57 -> 2090.0942 | I57: =(C57/100000)*'Birth Pop per Year'!G57 -> 1436.3433 | J57: =(D57/100000)*'Birth Pop per Year'!G57 -> 2844.0552 | K57: =(B57/100000)*'Birth Pop per Year'!K57 -> 2322.8409 | L57: =(C57/100000)*'Birth Pop per Year'!K57 -> 1596.2902 | M57: =(D57/100000)*'Birth Pop per Year'!K57 -> 3160.7606 | N57: =TEXT(ROUND(B57,0),"#,##0") & " (" & TEXT(ROUND(C57,0),"#,##0") & "-" & TEXT(ROUND(D57,0),"#,##0") & ")" -> 119 (82-162) | O57: =745835+759795 -> 1505630 | P57: =TEXT(ROUND(E57,0),"#,##0") & " (" & TEXT(ROUND(F57,0),"#,##0") & "-" & TEXT(ROUND(G57,0),"#,##0") & ")" -> 1,795 (1,436-2,442) | Q57: =868538+884778 -> 1753316 | R57: =TEXT(ROUND(H57,0),"#,##0") & " (" & TEXT(ROUND(I57,0),"#,##0") & "-" & TEXT(ROUND(J57,0),"#,##0") & ")" -> 2,090 (1,436-2,844) | S57: =965453+983107 -> 1948560 | T57: =TEXT(ROUND(K57,0),"#,##0") & " (" & TEXT(ROUND(L57,0),"#,##0") & "-" & TEXT(ROUND(M57,0),"#,##0") & ")" -> 2,323 (1,596-3,161)
A58: Central African Republic | B58: 89.071251 | C58: 63.072075 | D58: 120.60729 | E58: =(B58/100000)*'Birth Pop per Year'!C58 -> 230.60369 | F58: =(C58/100000)*'Birth Pop per Year'!G58 -> 172.55952 | G58: =(D58/100000)*'Birth Pop per Year'!C58 -> 312.24986 | H58: =(B58/100000)*'Birth Pop per Year'!G58 -> 243.69093 | I58: =(C58/100000)*'Birth Pop per Year'!G58 -> 172.55952 | J58: =(D58/100000)*'Birth Pop per Year'!G58 -> 329.97069 | K58: =(B58/100000)*'Birth Pop per Year'!K58 -> 260.24482 | L58: =(C58/100000)*'Birth Pop per Year'!K58 -> 184.28147 | M58: =(D58/100000)*'Birth Pop per Year'!K58 -> 352.38555 | N58: =TEXT(ROUND(B58,0),"#,##0") & " (" & TEXT(ROUND(C58,0),"#,##0") & "-" & TEXT(ROUND(D58,0),"#,##0") & ")" -> 89 (63-121) | O58: =127994+130904 -> 258898 | P58: =TEXT(ROUND(E58,0),"#,##0") & " (" & TEXT(ROUND(F58,0),"#,##0") & "-" & TEXT(ROUND(G58,0),"#,##0") & ")" -> 231 (173-312) | Q58: =135262+138329 -> 273591 | R58: =TEXT(ROUND(H58,0),"#,##0") & " (" & TEXT(ROUND(I58,0),"#,##0") & "-" & TEXT(ROUND(J58,0),"#,##0") & ")" -> 244 (173-330) | S58: =144435+147741 -> 292176 | T58: =TEXT(ROUND(K58,0),"#,##0") & " (" & TEXT(ROUND(L58,0),"#,##0") & "-" & TEXT(ROUND(M58,0),"#,##0") & ")" -> 260 (184-352)
A59: Congo, Rep | B59: 80.411015 | C59: 54.705854 | D59: 108.7526 | E59: =(B59/100000)*'Birth Pop per Year'!C59 -> 166.73546 | F59: =(C59/100000)*'Birth Pop per Year'!G59 -> 131.1261 | G59: =(D59/100000)*'Birth Pop per Year'!C59 -> 225.50287 | H59: =(B59/100000)*'Birth Pop per Year'!G59 -> 192.73957 | I59: =(C59/100000)*'Birth Pop per Year'!G59 -> 131.1261 | J59: =(D59/100000)*'Birth Pop per Year'!G59 -> 260.67237 | K59: =(B59/100000)*'Birth Pop per Year'!K59 -> 207.51429 | L59: =(C59/100000)*'Birth Pop per Year'!K59 -> 141.17776 | M59: =(D59/100000)*'Birth Pop per Year'!K59 -> 280.65458 | N59: =TEXT(ROUND(B59,0),"#,##0") & " (" & TEXT(ROUND(C59,0),"#,##0") & "-" & TEXT(ROUND(D59,0),"#,##0") & ")" -> 80 (55-109) | O59: =102661+104693 -> 207354 | P59: =TEXT(ROUND(E59,0),"#,##0") & " (" & TEXT(ROUND(F59,0),"#,##0") & "-" & TEXT(ROUND(G59,0),"#,##0") & ")" -> 167 (131-226) | Q59: =118693+121000 -> 239693 | R59: =TEXT(ROUND(H59,0),"#,##0") & " (" & TEXT(ROUND(I59,0),"#,##0") & "-" & TEXT(ROUND(J59,0),"#,##0") & ")" -> 193 (131-261) | S59: =127799+130268 -> 258067 | T59: =TEXT(ROUND(K59,0),"#,##0") & " (" & TEXT(ROUND(L59,0),"#,##0") & "-" & TEXT(ROUND(M59,0),"#,##0") & ")" -> 208 (141-281)
A60: Congo, Dem Rep | B60: 73.155553 | C60: 51.713408 | D60: 99.138388 | E60: =(B60/100000)*'Birth Pop per Year'!C60 -> 3461.584 | F60: =(C60/100000)*'Birth Pop per Year'!G60 -> 2776.7794 | G60: =(D60/100000)*'Birth Pop per Year'!C60 -> 4691.0431 | H60: =(B60/100000)*'Birth Pop per Year'!G60 -> 3928.1269 | I60: =(C60/100000)*'Birth Pop per Year'!G60 -> 2776.7794 | J60: =(D60/100000)*'Birth Pop per Year'!G60 -> 5323.2893 | K60: =(B60/100000)*'Birth Pop per Year'!K60 -> 4435.8499 | L60: =(C60/100000)*'Birth Pop per Year'!K60 -> 3135.687 | M60: =(D60/100000)*'Birth Pop per Year'!K60 -> 6011.3414 | N60: =TEXT(ROUND(B60,0),"#,##0") & " (" & TEXT(ROUND(C60,0),"#,##0") & "-" & TEXT(ROUND(D60,0),"#,##0") & ")" -> 73 (52-99) | O60: =2347532+2384281 -> 4731813 | P60: =TEXT(ROUND(E60,0),"#,##0") & " (" & TEXT(ROUND(F60,0),"#,##0") & "-" & TEXT(ROUND(G60,0),"#,##0") & ")" -> 3,462 (2,777-4,691) | Q60: =2664274+2705280 -> 5369554 | R60: =TEXT(ROUND(H60,0),"#,##0") & " (" & TEXT(ROUND(I60,0),"#,##0") & "-" & TEXT(ROUND(J60,0),"#,##0") & ")" -> 3,928 (2,777-5,323) | S60: =3009396+3054190 -> 6063586 | T60: =TEXT(ROUND(K60,0),"#,##0") & " (" & TEXT(ROUND(L60,0),"#,##0") & "-" & TEXT(ROUND(M60,0),"#,##0") & ")" -> 4,436 (3,136-6,011)
A61: Equatorial Guinea | B61: 105.96328 | C61: 71.210049 | D61: 145.48656 | E61: =(B61/100000)*'Birth Pop per Year'!C61 -> 61.354858 | F61: =(C61/100000)*'Birth Pop per Year'!G61 -> 45.9433 | G61: =(D61/100000)*'Birth Pop per Year'!C61 -> 84.239628 | H61: =(B61/100000)*'Birth Pop per Year'!G61 -> 68.365388 | I61: =(C61/100000)*'Birth Pop per Year'!G61 -> 45.9433 | J61: =(D61/100000)*'Birth Pop per Year'!G61 -> 93.865019 | K61: =(B61/100000)*'Birth Pop per Year'!K61 -> 71.830388 | L61: =(C61/100000)*'Birth Pop per Year'!K61 -> 48.271868 | M61: =(D61/100000)*'Birth Pop per Year'!K61 -> 98.622429 | N61: =TEXT(ROUND(B61,0),"#,##0") & " (" & TEXT(ROUND(C61,0),"#,##0") & "-" & TEXT(ROUND(D61,0),"#,##0") & ")" -> 106 (71-145) | O61: =28604+29298 -> 57902 | P61: =TEXT(ROUND(E61,0),"#,##0") & " (" & TEXT(ROUND(F61,0),"#,##0") & "-" & TEXT(ROUND(G61,0),"#,##0") & ")" -> 61 (46-84) | Q61: =31880+32638 -> 64518 | R61: =TEXT(ROUND(H61,0),"#,##0") & " (" & TEXT(ROUND(I61,0),"#,##0") & "-" & TEXT(ROUND(J61,0),"#,##0") & ")" -> 68 (46-94) | S61: =33506+34282 -> 67788 | T61: =TEXT(ROUND(K61,0),"#,##0") & " (" & TEXT(ROUND(L61,0),"#,##0") & "-" & TEXT(ROUND(M61,0),"#,##0") & ")" -> 72 (48-99)
A62: Gabon | B62: 99.742211 | C62: 67.441352 | D62: 136.65748 | E62: =(B62/100000)*'Birth Pop per Year'!C62 -> 69.605102 | F62: =(C62/100000)*'Birth Pop per Year'!G62 -> 53.389272 | G62: =(D62/100000)*'Birth Pop per Year'!C62 -> 95.366421 | H62: =(B62/100000)*'Birth Pop per Year'!G62 -> 78.959924 | I62: =(C62/100000)*'Birth Pop per Year'!G62 -> 53.389272 | J62: =(D62/100000)*'Birth Pop per Year'!G62 -> 108.18353 | K62: =(B62/100000)*'Birth Pop per Year'!K62 -> 84.992333 | L62: =(C62/100000)*'Birth Pop per Year'!K62 -> 57.468125 | M62: =(D62/100000)*'Birth Pop per Year'!K62 -> 116.44857 | N62: =TEXT(ROUND(B62,0),"#,##0") & " (" & TEXT(ROUND(C62,0),"#,##0") & "-" & TEXT(ROUND(D62,0),"#,##0") & ")" -> 100 (67-137) | O62: =34635+35150 -> 69785 | P62: =TEXT(ROUND(E62,0),"#,##0") & " (" & TEXT(ROUND(F62,0),"#,##0") & "-" & TEXT(ROUND(G62,0),"#,##0") & ")" -> 70 (53-95) | Q62: =39306+39858 -> 79164 | R62: =TEXT(ROUND(H62,0),"#,##0") & " (" & TEXT(ROUND(I62,0),"#,##0") & "-" & TEXT(ROUND(J62,0),"#,##0") & ")" -> 79 (53-108) | S62: =42294+42918 -> 85212 | T62: =TEXT(ROUND(K62,0),"#,##0") & " (" & TEXT(ROUND(L62,0),"#,##0") & "-" & TEXT(ROUND(M62,0),"#,##0") & ")" -> 85 (57-116)
A63: Burundi | B63: 125.0125 | C63: 88.956887 | D63: 170.52533 | E63: =(B63/100000)*'Birth Pop per Year'!C63 -> 602.00895 | F63: =(C63/100000)*'Birth Pop per Year'!G63 -> 491.51882 | G63: =(D63/100000)*'Birth Pop per Year'!C63 -> 821.18006 | H63: =(B63/100000)*'Birth Pop per Year'!G63 -> 690.73908 | I63: =(C63/100000)*'Birth Pop per Year'!G63 -> 491.51882 | J63: =(D63/100000)*'Birth Pop per Year'!G63 -> 942.21382 | K63: =(B63/100000)*'Birth Pop per Year'!K63 -> 705.54681 | L63: =(C63/100000)*'Birth Pop per Year'!K63 -> 502.05577 | M63: =(D63/100000)*'Birth Pop per Year'!K63 -> 962.41255 | N63: =TEXT(ROUND(B63,0),"#,##0") & " (" & TEXT(ROUND(C63,0),"#,##0") & "-" & TEXT(ROUND(D63,0),"#,##0") & ")" -> 125 (89-171) | O63: =238602+242957 -> 481559 | P63: =TEXT(ROUND(E63,0),"#,##0") & " (" & TEXT(ROUND(F63,0),"#,##0") & "-" & TEXT(ROUND(G63,0),"#,##0") & ")" -> 602 (492-821) | Q63: =273875+278661 -> 552536 | R63: =TEXT(ROUND(H63,0),"#,##0") & " (" & TEXT(ROUND(I63,0),"#,##0") & "-" & TEXT(ROUND(J63,0),"#,##0") & ")" -> 691 (492-942) | S63: =279844+284537 -> 564381 | T63: =TEXT(ROUND(K63,0),"#,##0") & " (" & TEXT(ROUND(L63,0),"#,##0") & "-" & TEXT(ROUND(M63,0),"#,##0") & ")" -> 706 (502-962)
A64: Comoros | B64: 113.01913 | C64: 78.162763 | D64: 153.86093 | E64: =(B64/100000)*'Birth Pop per Year'!C64 -> 27.482862 | F64: =(C64/100000)*'Birth Pop per Year'!G64 -> 20.406734 | G64: =(D64/100000)*'Birth Pop per Year'!C64 -> 37.414363 | H64: =(B64/100000)*'Birth Pop per Year'!G64 -> 29.507034 | I64: =(C64/100000)*'Birth Pop per Year'!G64 -> 20.406734 | J64: =(D64/100000)*'Birth Pop per Year'!G64 -> 40.170013 | K64: =(B64/100000)*'Birth Pop per Year'!K64 -> 30.847441 | L64: =(C64/100000)*'Birth Pop per Year'!K64 -> 21.333744 | M64: =(D64/100000)*'Birth Pop per Year'!K64 -> 41.994803 | N64: =TEXT(ROUND(B64,0),"#,##0") & " (" & TEXT(ROUND(C64,0),"#,##0") & "-" & TEXT(ROUND(D64,0),"#,##0") & ")" -> 113 (78-154) | O64: =12002+12315 -> 24317 | P64: =TEXT(ROUND(E64,0),"#,##0") & " (" & TEXT(ROUND(F64,0),"#,##0") & "-" & TEXT(ROUND(G64,0),"#,##0") & ")" -> 27 (20-37) | Q64: =12891+13217 -> 26108 | R64: =TEXT(ROUND(H64,0),"#,##0") & " (" & TEXT(ROUND(I64,0),"#,##0") & "-" & TEXT(ROUND(J64,0),"#,##0") & ")" -> 30 (20-40) | S64: =13476+13818 -> 27294 | T64: =TEXT(ROUND(K64,0),"#,##0") & " (" & TEXT(ROUND(L64,0),"#,##0") & "-" & TEXT(ROUND(M64,0),"#,##0") & ")" -> 31 (21-42)
A65: Djibouti | B65: 142.58393 | C65: 98.935787 | D65: 193.02178 | E65: =(B65/100000)*'Birth Pop per Year'!C65 -> 34.371282 | F65: =(C65/100000)*'Birth Pop per Year'!G65 -> 23.937514 | G65: =(D65/100000)*'Birth Pop per Year'!C65 -> 46.52983 | H65: =(B65/100000)*'Birth Pop per Year'!G65 -> 34.498181 | I65: =(C65/100000)*'Birth Pop per Year'!G65 -> 23.937514 | J65: =(D65/100000)*'Birth Pop per Year'!G65 -> 46.70162 | K65: =(B65/100000)*'Birth Pop per Year'!K65 -> 33.182132 | L65: =(C65/100000)*'Birth Pop per Year'!K65 -> 23.024336 | M65: =(D65/100000)*'Birth Pop per Year'!K65 -> 44.920029 | N65: =TEXT(ROUND(B65,0),"#,##0") & " (" & TEXT(ROUND(C65,0),"#,##0") & "-" & TEXT(ROUND(D65,0),"#,##0") & ")" -> 143 (99-193) | O65: =11875+12231 -> 24106 | P65: =TEXT(ROUND(E65,0),"#,##0") & " (" & TEXT(ROUND(F65,0),"#,##0") & "-" & TEXT(ROUND(G65,0),"#,##0") & ")" -> 34 (24-47) | Q65: =11926+12269 -> 24195 | R65: =TEXT(ROUND(H65,0),"#,##0") & " (" & TEXT(ROUND(I65,0),"#,##0") & "-" & TEXT(ROUND(J65,0),"#,##0") & ")" -> 34 (24-47) | S65: =11473+11799 -> 23272 | T65: =TEXT(ROUND(K65,0),"#,##0") & " (" & TEXT(ROUND(L65,0),"#,##0") & "-" & TEXT(ROUND(M65,0),"#,##0") & ")" -> 33 (23-45)
A66: Eritrea | B66: 153.62531 | C66: 107.57369 | D66: 207.23227 | E66: =(B66/100000)*'Birth Pop per Year'!C66 -> 167.5115 | F66: =(C66/100000)*'Birth Pop per Year'!G66 -> 124.02601 | G66: =(D66/100000)*'Birth Pop per Year'!C66 -> 225.96399 | H66: =(B66/100000)*'Birth Pop per Year'!G66 -> 177.12076 | I66: =(C66/100000)*'Birth Pop per Year'!G66 -> 124.02601 | J66: =(D66/100000)*'Birth Pop per Year'!G66 -> 238.92637 | K66: =(B66/100000)*'Birth Pop per Year'!K66 -> 177.37424 | L66: =(C66/100000)*'Birth Pop per Year'!K66 -> 124.20351 | M66: =(D66/100000)*'Birth Pop per Year'!K66 -> 239.2683 | N66: =TEXT(ROUND(B66,0),"#,##0") & " (" & TEXT(ROUND(C66,0),"#,##0") & "-" & TEXT(ROUND(D66,0),"#,##0") & ")" -> 154 (108-207) | O66: =53840+55199 -> 109039 | P66: =TEXT(ROUND(E66,0),"#,##0") & " (" & TEXT(ROUND(F66,0),"#,##0") & "-" & TEXT(ROUND(G66,0),"#,##0") & ")" -> 168 (124-226) | Q66: =56934+58360 -> 115294 | R66: =TEXT(ROUND(H66,0),"#,##0") & " (" & TEXT(ROUND(I66,0),"#,##0") & "-" & TEXT(ROUND(J66,0),"#,##0") & ")" -> 177 (124-239) | S66: =56995+58464 -> 115459 | T66: =TEXT(ROUND(K66,0),"#,##0") & " (" & TEXT(ROUND(L66,0),"#,##0") & "-" & TEXT(ROUND(M66,0),"#,##0") & ")" -> 177 (124-239)
A67: Ethiopia | B67: 150.31348 | C67: 104.52471 | D67: 206.20735 | E67: =(B67/100000)*'Birth Pop per Year'!C67 -> 6337.0087 | F67: =(C67/100000)*'Birth Pop per Year'!G67 -> 4647.7036 | G67: =(D67/100000)*'Birth Pop per Year'!C67 -> 8693.4174 | H67: =(B67/100000)*'Birth Pop per Year'!G67 -> 6683.7067 | I67: =(C67/100000)*'Birth Pop per Year'!G67 -> 4647.7036 | J67: =(D67/100000)*'Birth Pop per Year'!G67 -> 9169.0346 | K67: =(B67/100000)*'Birth Pop per Year'!K67 -> 7110.3445 | L67: =(C67/100000)*'Birth Pop per Year'!K67 -> 4944.3782 | M67: =(D67/100000)*'Birth Pop per Year'!K67 -> 9754.3171 | N67: =TEXT(ROUND(B67,0),"#,##0") & " (" & TEXT(ROUND(C67,0),"#,##0") & "-" & TEXT(ROUND(D67,0),"#,##0") & ")" -> 150 (105-206) | O67: =2059445+2156417 -> 4215862 | P67: =TEXT(ROUND(E67,0),"#,##0") & " (" & TEXT(ROUND(F67,0),"#,##0") & "-" & TEXT(ROUND(G67,0),"#,##0") & ")" -> 6,337 (4,648-8,693) | Q67: =2172817+2273695 -> 4446512 | R67: =TEXT(ROUND(H67,0),"#,##0") & " (" & TEXT(ROUND(I67,0),"#,##0") & "-" & TEXT(ROUND(J67,0),"#,##0") & ")" -> 6,684 (4,648-9,169) | S67: =2310131+2420213 -> 4730344 | T67: =TEXT(ROUND(K67,0),"#,##0") & " (" & TEXT(ROUND(L67,0),"#,##0") & "-" & TEXT(ROUND(M67,0),"#,##0") & ")" -> 7,110 (4,944-9,754)
A68: Kenya | B68: 88.484024 | C68: 63.738492 | D68: 120.35327 | E68: =(B68/100000)*'Birth Pop per Year'!C68 -> 1397.0548 | F68: =(C68/100000)*'Birth Pop per Year'!G68 -> 1030.9185 | G68: =(D68/100000)*'Birth Pop per Year'!C68 -> 1900.2313 | H68: =(B68/100000)*'Birth Pop per Year'!G68 -> 1431.1574 | I68: =(C68/100000)*'Birth Pop per Year'!G68 -> 1030.9185 | J68: =(D68/100000)*'Birth Pop per Year'!G68 -> 1946.6166 | K68: =(B68/100000)*'Birth Pop per Year'!K68 -> 1386.7083 | L68: =(C68/100000)*'Birth Pop per Year'!K68 -> 998.90008 | M68: =(D68/100000)*'Birth Pop per Year'!K68 -> 1886.1584 | N68: =TEXT(ROUND(B68,0),"#,##0") & " (" & TEXT(ROUND(C68,0),"#,##0") & "-" & TEXT(ROUND(D68,0),"#,##0") & ")" -> 88 (64-120) | O68: =783780+795098 -> 1578878 | P68: =TEXT(ROUND(E68,0),"#,##0") & " (" & TEXT(ROUND(F68,0),"#,##0") & "-" & TEXT(ROUND(G68,0),"#,##0") & ")" -> 1,397 (1,031-1,900) | Q68: =803143+814276 -> 1617419 | R68: =TEXT(ROUND(H68,0),"#,##0") & " (" & TEXT(ROUND(I68,0),"#,##0") & "-" & TEXT(ROUND(J68,0),"#,##0") & ")" -> 1,431 (1,031-1,947) | S68: =778354+788831 -> 1567185 | T68: =TEXT(ROUND(K68,0),"#,##0") & " (" & TEXT(ROUND(L68,0),"#,##0") & "-" & TEXT(ROUND(M68,0),"#,##0") & ")" -> 1,387 (999-1,886)
A69: Madagascar | B69: 118.79521 | C69: 83.85544 | D69: 161.35819 | E69: =(B69/100000)*'Birth Pop per Year'!C69 -> 1221.3822 | F69: =(C69/100000)*'Birth Pop per Year'!G69 -> 932.22847 | G69: =(D69/100000)*'Birth Pop per Year'!C69 -> 1658.9898 | H69: =(B69/100000)*'Birth Pop per Year'!G69 -> 1320.657 | I69: =(C69/100000)*'Birth Pop per Year'!G69 -> 932.22847 | J69: =(D69/100000)*'Birth Pop per Year'!G69 -> 1793.8336 | K69: =(B69/100000)*'Birth Pop per Year'!K69 -> 1406.3915 | L69: =(C69/100000)*'Birth Pop per Year'!K69 -> 992.74694 | M69: =(D69/100000)*'Birth Pop per Year'!K69 -> 1910.2858 | N69: =TEXT(ROUND(B69,0),"#,##0") & " (" & TEXT(ROUND(C69,0),"#,##0") & "-" & TEXT(ROUND(D69,0),"#,##0") & ")" -> 119 (84-161) | O69: =506388+521753 -> 1028141 | P69: =TEXT(ROUND(E69,0),"#,##0") & " (" & TEXT(ROUND(F69,0),"#,##0") & "-" & TEXT(ROUND(G69,0),"#,##0") & ")" -> 1,221 (932-1,659) | Q69: =547895+563814 -> 1111709 | R69: =TEXT(ROUND(H69,0),"#,##0") & " (" & TEXT(ROUND(I69,0),"#,##0") & "-" & TEXT(ROUND(J69,0),"#,##0") & ")" -> 1,321 (932-1,794) | S69: =583807+600072 -> 1183879 | T69: =TEXT(ROUND(K69,0),"#,##0") & " (" & TEXT(ROUND(L69,0),"#,##0") & "-" & TEXT(ROUND(M69,0),"#,##0") & ")" -> 1,406 (993-1,910)
A70: Malawi | B70: 113.82628 | C70: 79.646148 | D70: 158.32493 | E70: =(B70/100000)*'Birth Pop per Year'!C70 -> 806.76423 | F70: =(C70/100000)*'Birth Pop per Year'!G70 -> 602.61869 | G70: =(D70/100000)*'Birth Pop per Year'!C70 -> 1122.1565 | H70: =(B70/100000)*'Birth Pop per Year'!G70 -> 861.23238 | I70: =(C70/100000)*'Birth Pop per Year'!G70 -> 602.61869 | J70: =(D70/100000)*'Birth Pop per Year'!G70 -> 1197.9181 | K70: =(B70/100000)*'Birth Pop per Year'!K70 -> 897.58507 | L70: =(C70/100000)*'Birth Pop per Year'!K70 -> 628.05528 | M70: =(D70/100000)*'Birth Pop per Year'!K70 -> 1248.4824 | N70: =TEXT(ROUND(B70,0),"#,##0") & " (" & TEXT(ROUND(C70,0),"#,##0") & "-" & TEXT(ROUND(D70,0),"#,##0") & ")" -> 114 (80-158) | O70: =353054+355714 -> 708768 | P70: =TEXT(ROUND(E70,0),"#,##0") & " (" & TEXT(ROUND(F70,0),"#,##0") & "-" & TEXT(ROUND(G70,0),"#,##0") & ")" -> 807 (603-1,122) | Q70: =376921+379699 -> 756620 | R70: =TEXT(ROUND(H70,0),"#,##0") & " (" & TEXT(ROUND(I70,0),"#,##0") & "-" & TEXT(ROUND(J70,0),"#,##0") & ")" -> 861 (603-1,198) | S70: =392759+395798 -> 788557 | T70: =TEXT(ROUND(K70,0),"#,##0") & " (" & TEXT(ROUND(L70,0),"#,##0") & "-" & TEXT(ROUND(M70,0),"#,##0") & ")" -> 898 (628-1,248)
A71: Mozambique | B71: 148.17575 | C71: 102.07663 | D71: 200.86046 | E71: =(B71/100000)*'Birth Pop per Year'!C71 -> 1983.8111 | F71: =(C71/100000)*'Birth Pop per Year'!G71 -> 1496.7721 | G71: =(D71/100000)*'Birth Pop per Year'!C71 -> 2689.1661 | H71: =(B71/100000)*'Birth Pop per Year'!G71 -> 2172.7337 | I71: =(C71/100000)*'Birth Pop per Year'!G71 -> 1496.7721 | J71: =(D71/100000)*'Birth Pop per Year'!G71 -> 2945.2612 | K71: =(B71/100000)*'Birth Pop per Year'!K71 -> 2288.0248 | L71: =(C71/100000)*'Birth Pop per Year'!K71 -> 1576.1948 | M71: =(D71/100000)*'Birth Pop per Year'!K71 -> 3101.5447 | N71: =TEXT(ROUND(B71,0),"#,##0") & " (" & TEXT(ROUND(C71,0),"#,##0") & "-" & TEXT(ROUND(D71,0),"#,##0") & ")" -> 148 (102-201) | O71: =665513+673310 -> 1338823 | P71: =TEXT(ROUND(E71,0),"#,##0") & " (" & TEXT(ROUND(F71,0),"#,##0") & "-" & TEXT(ROUND(G71,0),"#,##0") & ")" -> 1,984 (1,497-2,689) | Q71: =729318+737004 -> 1466322 | R71: =TEXT(ROUND(H71,0),"#,##0") & " (" & TEXT(ROUND(I71,0),"#,##0") & "-" & TEXT(ROUND(J71,0),"#,##0") & ")" -> 2,173 (1,497-2,945) | S71: =768322+775807 -> 1544129 | T71: =TEXT(ROUND(K71,0),"#,##0") & " (" & TEXT(ROUND(L71,0),"#,##0") & "-" & TEXT(ROUND(M71,0),"#,##0") & ")" -> 2,288 (1,576-3,102)
A72: Rwanda | B72: 189.12185 | C72: 82.653255 | D72: 157.25132 | E72: =(B72/100000)*'Birth Pop per Year'!C72 -> 781.8827 | F72: =(C72/100000)*'Birth Pop per Year'!G72 -> 368.29464 | G72: =(D72/100000)*'Birth Pop per Year'!C72 -> 650.12099 | H72: =(B72/100000)*'Birth Pop per Year'!G72 -> 842.70807 | I72: =(C72/100000)*'Birth Pop per Year'!G72 -> 368.29464 | J72: =(D72/100000)*'Birth Pop per Year'!G72 -> 700.69615 | K72: =(B72/100000)*'Birth Pop per Year'!K72 -> 859.86899 | L72: =(C72/100000)*'Birth Pop per Year'!K72 -> 375.79459 | M72: =(D72/100000)*'Birth Pop per Year'!K72 -> 714.96514 | N72: =TEXT(ROUND(B72,0),"#,##0") & " (" & TEXT(ROUND(C72,0),"#,##0") & "-" & TEXT(ROUND(D72,0),"#,##0") & ")" -> 189 (83-157) | O72: =204633+208795 -> 413428 | P72: =TEXT(ROUND(E72,0),"#,##0") & " (" & TEXT(ROUND(F72,0),"#,##0") & "-" & TEXT(ROUND(G72,0),"#,##0") & ")" -> 782 (368-650) | Q72: =220645+224945 -> 445590 | R72: =TEXT(ROUND(H72,0),"#,##0") & " (" & TEXT(ROUND(I72,0),"#,##0") & "-" & TEXT(ROUND(J72,0),"#,##0") & ")" -> 843 (368-701) | S72: =225076+229588 -> 454664 | T72: =TEXT(ROUND(K72,0),"#,##0") & " (" & TEXT(ROUND(L72,0),"#,##0") & "-" & TEXT(ROUND(M72,0),"#,##0") & ")" -> 860 (376-715)
A73: Somalia | B73: 80.288033 | C73: 101.81103 | D73: 199.51092 | E73: =(B73/100000)*'Birth Pop per Year'!C73 -> 668.10964 | F73: =(C73/100000)*'Birth Pop per Year'!G73 -> 954.91415 | G73: =(D73/100000)*'Birth Pop per Year'!C73 -> 1660.2122 | H73: =(B73/100000)*'Birth Pop per Year'!G73 -> 753.04394 | I73: =(C73/100000)*'Birth Pop per Year'!G73 -> 954.91415 | J73: =(D73/100000)*'Birth Pop per Year'!G73 -> 1871.2688 | K73: =(B73/100000)*'Birth Pop per Year'!K73 -> 820.25466 | L73: =(C73/100000)*'Birth Pop per Year'!K73 -> 1040.1422 | M73: =(D73/100000)*'Birth Pop per Year'!K73 -> 2038.2834 | N73: =TEXT(ROUND(B73,0),"#,##0") & " (" & TEXT(ROUND(C73,0),"#,##0") & "-" & TEXT(ROUND(D73,0),"#,##0") & ")" -> 80 (102-200) | O73: =408783+423358 -> 832141 | P73: =TEXT(ROUND(E73,0),"#,##0") & " (" & TEXT(ROUND(F73,0),"#,##0") & "-" & TEXT(ROUND(G73,0),"#,##0") & ")" -> 668 (955-1,660) | Q73: =461012+476916 -> 937928 | R73: =TEXT(ROUND(H73,0),"#,##0") & " (" & TEXT(ROUND(I73,0),"#,##0") & "-" & TEXT(ROUND(J73,0),"#,##0") & ")" -> 753 (955-1,871) | S73: =502382+519258 -> 1021640 | T73: =TEXT(ROUND(K73,0),"#,##0") & " (" & TEXT(ROUND(L73,0),"#,##0") & "-" & TEXT(ROUND(M73,0),"#,##0") & ")" -> 820 (1,040-2,038)
A74: South Sudan | B74: 220.92877 | C74: 148.72278 | D74: 299.60097 | E74: =(B74/100000)*'Birth Pop per Year'!C74 -> 825.78094 | F74: =(C74/100000)*'Birth Pop per Year'!G74 -> 571.82869 | G74: =(D74/100000)*'Birth Pop per Year'!C74 -> 1119.8395 | H74: =(B74/100000)*'Birth Pop per Year'!G74 -> 849.45567 | I74: =(C74/100000)*'Birth Pop per Year'!G74 -> 571.82869 | J74: =(D74/100000)*'Birth Pop per Year'!G74 -> 1151.9448 | K74: =(B74/100000)*'Birth Pop per Year'!K74 -> 828.84301 | L74: =(C74/100000)*'Birth Pop per Year'!K74 -> 557.95286 | M74: =(D74/100000)*'Birth Pop per Year'!K74 -> 1123.992 | N74: =TEXT(ROUND(B74,0),"#,##0") & " (" & TEXT(ROUND(C74,0),"#,##0") & "-" & TEXT(ROUND(D74,0),"#,##0") & ")" -> 221 (149-300) | O74: =184317+189460 -> 373777 | P74: =TEXT(ROUND(E74,0),"#,##0") & " (" & TEXT(ROUND(F74,0),"#,##0") & "-" & TEXT(ROUND(G74,0),"#,##0") & ")" -> 826 (572-1,120) | Q74: =189688+194805 -> 384493 | R74: =TEXT(ROUND(H74,0),"#,##0") & " (" & TEXT(ROUND(I74,0),"#,##0") & "-" & TEXT(ROUND(J74,0),"#,##0") & ")" -> 849 (572-1,152) | S74: =185155+190008 -> 375163 | T74: =TEXT(ROUND(K74,0),"#,##0") & " (" & TEXT(ROUND(L74,0),"#,##0") & "-" & TEXT(ROUND(M74,0),"#,##0") & ")" -> 829 (558-1,124)
A75: Uganda | B75: 121.00182 | C75: 81.904534 | D75: 167.80441 | E75: =(B75/100000)*'Birth Pop per Year'!C75 -> 2095.8435 | F75: =(C75/100000)*'Birth Pop per Year'!G75 -> 1459.8623 | G75: =(D75/100000)*'Birth Pop per Year'!C75 -> 2906.4999 | H75: =(B75/100000)*'Birth Pop per Year'!G75 -> 2156.7304 | I75: =(C75/100000)*'Birth Pop per Year'!G75 -> 1459.8623 | J75: =(D75/100000)*'Birth Pop per Year'!G75 -> 2990.9374 | K75: =(B75/100000)*'Birth Pop per Year'!K75 -> 2211.2211 | L75: =(C75/100000)*'Birth Pop per Year'!K75 -> 1496.7464 | M75: =(D75/100000)*'Birth Pop per Year'!K75 -> 3066.5048 | N75: =TEXT(ROUND(B75,0),"#,##0") & " (" & TEXT(ROUND(C75,0),"#,##0") & "-" & TEXT(ROUND(D75,0),"#,##0") & ")" -> 121 (82-168) | O75: =855750+876326 -> 1732076 | P75: =TEXT(ROUND(E75,0),"#,##0") & " (" & TEXT(ROUND(F75,0),"#,##0") & "-" & TEXT(ROUND(G75,0),"#,##0") & ")" -> 2,096 (1,460-2,906) | Q75: =880340+902055 -> 1782395 | R75: =TEXT(ROUND(H75,0),"#,##0") & " (" & TEXT(ROUND(I75,0),"#,##0") & "-" & TEXT(ROUND(J75,0),"#,##0") & ")" -> 2,157 (1,460-2,991) | S75: =902055+925373 -> 1827428 | T75: =TEXT(ROUND(K75,0),"#,##0") & " (" & TEXT(ROUND(L75,0),"#,##0") & "-" & TEXT(ROUND(M75,0),"#,##0") & ")" -> 2,211 (1,497-3,067)
A76: Tanzania | B76: 136.53068 | C76: 95.341046 | D76: 184.34523 | E76: =(B76/100000)*'Birth Pop per Year'!C76 -> 3454.6809 | F76: =(C76/100000)*'Birth Pop per Year'!G76 -> 2787.9829 | G76: =(D76/100000)*'Birth Pop per Year'!C76 -> 4664.5481 | H76: =(B76/100000)*'Birth Pop per Year'!G76 -> 3992.4589 | I76: =(C76/100000)*'Birth Pop per Year'!G76 -> 2787.9829 | J76: =(D76/100000)*'Birth Pop per Year'!G76 -> 5390.6618 | K76: =(B76/100000)*'Birth Pop per Year'!K76 -> 4471.7321 | L76: =(C76/100000)*'Birth Pop per Year'!K76 -> 3122.6652 | M76: =(D76/100000)*'Birth Pop per Year'!K76 -> 6037.7817 | N76: =TEXT(ROUND(B76,0),"#,##0") & " (" & TEXT(ROUND(C76,0),"#,##0") & "-" & TEXT(ROUND(D76,0),"#,##0") & ")" -> 137 (95-184) | O76: =1249403+1280930 -> 2530333 | P76: =TEXT(ROUND(E76,0),"#,##0") & " (" & TEXT(ROUND(F76,0),"#,##0") & "-" & TEXT(ROUND(G76,0),"#,##0") & ")" -> 3,455 (2,788-4,665) | Q76: =1444033+1480188 -> 2924221 | R76: =TEXT(ROUND(H76,0),"#,##0") & " (" & TEXT(ROUND(I76,0),"#,##0") & "-" & TEXT(ROUND(J76,0),"#,##0") & ")" -> 3,992 (2,788-5,391) | S76: =1617121+1658137 -> 3275258 | T76: =TEXT(ROUND(K76,0),"#,##0") & " (" & TEXT(ROUND(L76,0),"#,##0") & "-" & TEXT(ROUND(M76,0),"#,##0") & ")" -> 4,472 (3,123-6,038)
A77: Zambia | B77: 138.44735 | C77: 97.619193 | D77: 190.32673 | E77: =(B77/100000)*'Birth Pop per Year'!C77 -> 1018.8409 | F77: =(C77/100000)*'Birth Pop per Year'!G77 -> 787.24608 | G77: =(D77/100000)*'Birth Pop per Year'!C77 -> 1400.6239 | H77: =(B77/100000)*'Birth Pop per Year'!G77 -> 1116.5031 | I77: =(C77/100000)*'Birth Pop per Year'!G77 -> 787.24608 | J77: =(D77/100000)*'Birth Pop per Year'!G77 -> 1534.8823 | K77: =(B77/100000)*'Birth Pop per Year'!K77 -> 1194.0281 | L77: =(C77/100000)*'Birth Pop per Year'!K77 -> 841.90892 | M77: =(D77/100000)*'Birth Pop per Year'!K77 -> 1641.4576 | N77: =TEXT(ROUND(B77,0),"#,##0") & " (" & TEXT(ROUND(C77,0),"#,##0") & "-" & TEXT(ROUND(D77,0),"#,##0") & ")" -> 138 (98-190) | O77: =367283+368622 -> 735905 | P77: =TEXT(ROUND(E77,0),"#,##0") & " (" & TEXT(ROUND(F77,0),"#,##0") & "-" & TEXT(ROUND(G77,0),"#,##0") & ")" -> 1,019 (787-1,401) | Q77: =402689+403757 -> 806446 | R77: =TEXT(ROUND(H77,0),"#,##0") & " (" & TEXT(ROUND(I77,0),"#,##0") & "-" & TEXT(ROUND(J77,0),"#,##0") & ")" -> 1,117 (787-1,535) | S77: =430834+431608 -> 862442 | T77: =TEXT(ROUND(K77,0),"#,##0") & " (" & TEXT(ROUND(L77,0),"#,##0") & "-" & TEXT(ROUND(M77,0),"#,##0") & ")" -> 1,194 (842-1,641)
A78: Botswana | B78: 165.54812 | C78: 112.96225 | D78: 227.09307 | E78: =(B78/100000)*'Birth Pop per Year'!C78 -> 95.915269 | F78: =(C78/100000)*'Birth Pop per Year'!G78 -> 61.382554 | G78: =(D78/100000)*'Birth Pop per Year'!C78 -> 131.57318 | H78: =(B78/100000)*'Birth Pop per Year'!G78 -> 89.957192 | I78: =(C78/100000)*'Birth Pop per Year'!G78 -> 61.382554 | J78: =(D78/100000)*'Birth Pop per Year'!G78 -> 123.4001 | K78: =(B78/100000)*'Birth Pop per Year'!K78 -> 90.387617 | L78: =(C78/100000)*'Birth Pop per Year'!K78 -> 61.676256 | M78: =(D78/100000)*'Birth Pop per Year'!K78 -> 123.99054 | N78: =TEXT(ROUND(B78,0),"#,##0") & " (" & TEXT(ROUND(C78,0),"#,##0") & "-" & TEXT(ROUND(D78,0),"#,##0") & ")" -> 166 (113-227) | O78: =28602+29336 -> 57938 | P78: =TEXT(ROUND(E78,0),"#,##0") & " (" & TEXT(ROUND(F78,0),"#,##0") & "-" & TEXT(ROUND(G78,0),"#,##0") & ")" -> 96 (61-132) | Q78: =26834+27505 -> 54339 | R78: =TEXT(ROUND(H78,0),"#,##0") & " (" & TEXT(ROUND(I78,0),"#,##0") & "-" & TEXT(ROUND(J78,0),"#,##0") & ")" -> 90 (61-123) | S78: =26962+27637 -> 54599 | T78: =TEXT(ROUND(K78,0),"#,##0") & " (" & TEXT(ROUND(L78,0),"#,##0") & "-" & TEXT(ROUND(M78,0),"#,##0") & ")" -> 90 (62-124)
A79: Eswatini | B79: 195.92794 | C79: 136.27969 | D79: 271.73092 | E79: =(B79/100000)*'Birth Pop per Year'!C79 -> 54.062396 | F79: =(C79/100000)*'Birth Pop per Year'!G79 -> 35.825204 | G79: =(D79/100000)*'Birth Pop per Year'!C79 -> 74.978714 | H79: =(B79/100000)*'Birth Pop per Year'!G79 -> 51.505536 | I79: =(C79/100000)*'Birth Pop per Year'!G79 -> 35.825204 | J79: =(D79/100000)*'Birth Pop per Year'!G79 -> 71.432625 | K79: =(B79/100000)*'Birth Pop per Year'!K79 -> 47.510566 | L79: =(C79/100000)*'Birth Pop per Year'!K79 -> 33.046461 | M79: =(D79/100000)*'Birth Pop per Year'!K79 -> 65.892032 | N79: =TEXT(ROUND(B79,0),"#,##0") & " (" & TEXT(ROUND(C79,0),"#,##0") & "-" & TEXT(ROUND(D79,0),"#,##0") & ")" -> 196 (136-272) | O79: =13639+13954 -> 27593 | P79: =TEXT(ROUND(E79,0),"#,##0") & " (" & TEXT(ROUND(F79,0),"#,##0") & "-" & TEXT(ROUND(G79,0),"#,##0") & ")" -> 54 (36-75) | Q79: =13000+13288 -> 26288 | R79: =TEXT(ROUND(H79,0),"#,##0") & " (" & TEXT(ROUND(I79,0),"#,##0") & "-" & TEXT(ROUND(J79,0),"#,##0") & ")" -> 52 (36-71) | S79: =11996+12253 -> 24249 | T79: =TEXT(ROUND(K79,0),"#,##0") & " (" & TEXT(ROUND(L79,0),"#,##0") & "-" & TEXT(ROUND(M79,0),"#,##0") & ")" -> 48 (33-66)
A80: Lesotho | B80: 150.50542 | C80: 105.47887 | D80: 202.20258 | E80: =(B80/100000)*'Birth Pop per Year'!C80 -> 79.694126 | F80: =(C80/100000)*'Birth Pop per Year'!G80 -> 56.092608 | G80: =(D80/100000)*'Birth Pop per Year'!C80 -> 107.06829 | H80: =(B80/100000)*'Birth Pop per Year'!G80 -> 80.037278 | I80: =(C80/100000)*'Birth Pop per Year'!G80 -> 56.092608 | J80: =(D80/100000)*'Birth Pop per Year'!G80 -> 107.52931 | K80: =(B80/100000)*'Birth Pop per Year'!K80 -> 76.19638 | L80: =(C80/100000)*'Birth Pop per Year'!K80 -> 53.400787 | M80: =(D80/100000)*'Birth Pop per Year'!K80 -> 102.3691 | N80: =TEXT(ROUND(B80,0),"#,##0") & " (" & TEXT(ROUND(C80,0),"#,##0") & "-" & TEXT(ROUND(D80,0),"#,##0") & ")" -> 151 (105-202) | O80: =26223+26728 -> 52951 | P80: =TEXT(ROUND(E80,0),"#,##0") & " (" & TEXT(ROUND(F80,0),"#,##0") & "-" & TEXT(ROUND(G80,0),"#,##0") & ")" -> 80 (56-107) | Q80: =26336+26843 -> 53179 | R80: =TEXT(ROUND(H80,0),"#,##0") & " (" & TEXT(ROUND(I80,0),"#,##0") & "-" & TEXT(ROUND(J80,0),"#,##0") & ")" -> 80 (56-108) | S80: =25072+25555 -> 50627 | T80: =TEXT(ROUND(K80,0),"#,##0") & " (" & TEXT(ROUND(L80,0),"#,##0") & "-" & TEXT(ROUND(M80,0),"#,##0") & ")" -> 76 (53-102)
A81: Namibia | B81: 138.49077 | C81: 96.128888 | D81: 188.67331 | E81: =(B81/100000)*'Birth Pop per Year'!C81 -> 107.96602 | F81: =(C81/100000)*'Birth Pop per Year'!G81 -> 79.717764 | G81: =(D81/100000)*'Birth Pop per Year'!C81 -> 147.08783 | H81: =(B81/100000)*'Birth Pop per Year'!G81 -> 114.84763 | I81: =(C81/100000)*'Birth Pop per Year'!G81 -> 79.717764 | J81: =(D81/100000)*'Birth Pop per Year'!G81 -> 156.463 | K81: =(B81/100000)*'Birth Pop per Year'!K81 -> 117.75455 | L81: =(C81/100000)*'Birth Pop per Year'!K81 -> 81.73551 | M81: =(D81/100000)*'Birth Pop per Year'!K81 -> 160.42325 | N81: =TEXT(ROUND(B81,0),"#,##0") & " (" & TEXT(ROUND(C81,0),"#,##0") & "-" & TEXT(ROUND(D81,0),"#,##0") & ")" -> 138 (96-189) | O81: =38890+39069 -> 77959 | P81: =TEXT(ROUND(E81,0),"#,##0") & " (" & TEXT(ROUND(F81,0),"#,##0") & "-" & TEXT(ROUND(G81,0),"#,##0") & ")" -> 108 (80-147) | Q81: =41380+41548 -> 82928 | R81: =TEXT(ROUND(H81,0),"#,##0") & " (" & TEXT(ROUND(I81,0),"#,##0") & "-" & TEXT(ROUND(J81,0),"#,##0") & ")" -> 115 (80-156) | S81: =42430+42597 -> 85027 | T81: =TEXT(ROUND(K81,0),"#,##0") & " (" & TEXT(ROUND(L81,0),"#,##0") & "-" & TEXT(ROUND(M81,0),"#,##0") & ")" -> 118 (82-160)
A82: South Africa | B82: 130.76474 | C82: 93.54708 | D82: 176.53239 | E82: =(B82/100000)*'Birth Pop per Year'!C82 -> 1480.3183 | F82: =(C82/100000)*'Birth Pop per Year'!G82 -> 1042.4213 | G82: =(D82/100000)*'Birth Pop per Year'!C82 -> 1998.4297 | H82: =(B82/100000)*'Birth Pop per Year'!G82 -> 1457.1481 | I82: =(C82/100000)*'Birth Pop per Year'!G82 -> 1042.4213 | J82: =(D82/100000)*'Birth Pop per Year'!G82 -> 1967.1499 | K82: =(B82/100000)*'Birth Pop per Year'!K82 -> 1485.0009 | L82: =(C82/100000)*'Birth Pop per Year'!K82 -> 1062.3468 | M82: =(D82/100000)*'Birth Pop per Year'!K82 -> 2004.7513 | N82: =TEXT(ROUND(B82,0),"#,##0") & " (" & TEXT(ROUND(C82,0),"#,##0") & "-" & TEXT(ROUND(D82,0),"#,##0") & ")" -> 131 (94-177) | O82: =556744+575303 -> 1132047 | P82: =TEXT(ROUND(E82,0),"#,##0") & " (" & TEXT(ROUND(F82,0),"#,##0") & "-" & TEXT(ROUND(G82,0),"#,##0") & ")" -> 1,480 (1,042-1,998) | Q82: =548100+566228 -> 1114328 | R82: =TEXT(ROUND(H82,0),"#,##0") & " (" & TEXT(ROUND(I82,0),"#,##0") & "-" & TEXT(ROUND(J82,0),"#,##0") & ")" -> 1,457 (1,042-1,967) | S82: =558436+577192 -> 1135628 | T82: =TEXT(ROUND(K82,0),"#,##0") & " (" & TEXT(ROUND(L82,0),"#,##0") & "-" & TEXT(ROUND(M82,0),"#,##0") & ")" -> 1,485 (1,062-2,005)
A83: Zimbabwe | B83: 168.3086 | C83: 122.86528 | D83: 228.22647 | E83: =(B83/100000)*'Birth Pop per Year'!C83 -> 867.11078 | F83: =(C83/100000)*'Birth Pop per Year'!G83 -> 689.45484 | G83: =(D83/100000)*'Birth Pop per Year'!C83 -> 1175.8022 | H83: =(B83/100000)*'Birth Pop per Year'!G83 -> 944.45869 | I83: =(C83/100000)*'Birth Pop per Year'!G83 -> 689.45484 | J83: =(D83/100000)*'Birth Pop per Year'!G83 -> 1280.686 | K83: =(B83/100000)*'Birth Pop per Year'!K83 -> 953.05926 | L83: =(C83/100000)*'Birth Pop per Year'!K83 -> 695.73326 | M83: =(D83/100000)*'Birth Pop per Year'!K83 -> 1292.3483 | N83: =TEXT(ROUND(B83,0),"#,##0") & " (" & TEXT(ROUND(C83,0),"#,##0") & "-" & TEXT(ROUND(D83,0),"#,##0") & ")" -> 168 (123-228) | O83: =255235+259956 -> 515191 | P83: =TEXT(ROUND(E83,0),"#,##0") & " (" & TEXT(ROUND(F83,0),"#,##0") & "-" & TEXT(ROUND(G83,0),"#,##0") & ")" -> 867 (689-1,176) | Q83: =278020+283127 -> 561147 | R83: =TEXT(ROUND(H83,0),"#,##0") & " (" & TEXT(ROUND(I83,0),"#,##0") & "-" & TEXT(ROUND(J83,0),"#,##0") & ")" -> 944 (689-1,281) | S83: =280594+285663 -> 566257 | T83: =TEXT(ROUND(K83,0),"#,##0") & " (" & TEXT(ROUND(L83,0),"#,##0") & "-" & TEXT(ROUND(M83,0),"#,##0") & ")" -> 953 (696-1,292)
A84: Benin | B84: 184.67642 | C84: 129.06192 | D84: 249.05625 | E84: =(B84/100000)*'Birth Pop per Year'!C84 -> 908.08719 | F84: =(C84/100000)*'Birth Pop per Year'!G84 -> 706.48106 | G84: =(D84/100000)*'Birth Pop per Year'!C84 -> 1224.6544 | H84: =(B84/100000)*'Birth Pop per Year'!G84 -> 1010.9132 | I84: =(C84/100000)*'Birth Pop per Year'!G84 -> 706.48106 | J84: =(D84/100000)*'Birth Pop per Year'!G84 -> 1363.3264 | K84: =(B84/100000)*'Birth Pop per Year'!K84 -> 1070.6708 | L84: =(C84/100000)*'Birth Pop per Year'!K84 -> 748.24291 | M84: =(D84/100000)*'Birth Pop per Year'!K84 -> 1443.9161 | N84: =TEXT(ROUND(B84,0),"#,##0") & " (" & TEXT(ROUND(C84,0),"#,##0") & "-" & TEXT(ROUND(D84,0),"#,##0") & ")" -> 185 (129-249) | O84: =241702+250016 -> 491718 | P84: =TEXT(ROUND(E84,0),"#,##0") & " (" & TEXT(ROUND(F84,0),"#,##0") & "-" & TEXT(ROUND(G84,0),"#,##0") & ")" -> 908 (706-1,225) | Q84: =269110+278287 -> 547397 | R84: =TEXT(ROUND(H84,0),"#,##0") & " (" & TEXT(ROUND(I84,0),"#,##0") & "-" & TEXT(ROUND(J84,0),"#,##0") & ")" -> 1,011 (706-1,363) | S84: =285101+294654 -> 579755 | T84: =TEXT(ROUND(K84,0),"#,##0") & " (" & TEXT(ROUND(L84,0),"#,##0") & "-" & TEXT(ROUND(M84,0),"#,##0") & ")" -> 1,071 (748-1,444)
A85: Burkina Faso | B85: 223.64881 | C85: 154.08363 | D85: 297.43992 | E85: =(B85/100000)*'Birth Pop per Year'!C85 -> 1646.1268 | F85: =(C85/100000)*'Birth Pop per Year'!G85 -> 1203.2791 | G85: =(D85/100000)*'Birth Pop per Year'!C85 -> 2189.253 | H85: =(B85/100000)*'Birth Pop per Year'!G85 -> 1746.5317 | I85: =(C85/100000)*'Birth Pop per Year'!G85 -> 1203.2791 | J85: =(D85/100000)*'Birth Pop per Year'!G85 -> 2322.7856 | K85: =(B85/100000)*'Birth Pop per Year'!K85 -> 1736.3736 | L85: =(C85/100000)*'Birth Pop per Year'!K85 -> 1196.2806 | M85: =(D85/100000)*'Birth Pop per Year'!K85 -> 2309.2759 | N85: =TEXT(ROUND(B85,0),"#,##0") & " (" & TEXT(ROUND(C85,0),"#,##0") & "-" & TEXT(ROUND(D85,0),"#,##0") & ")" -> 224 (154-297) | O85: =362331+373701 -> 736032 | P85: =TEXT(ROUND(E85,0),"#,##0") & " (" & TEXT(ROUND(F85,0),"#,##0") & "-" & TEXT(ROUND(G85,0),"#,##0") & ")" -> 1,646 (1,203-2,189) | Q85: =384608+396318 -> 780926 | R85: =TEXT(ROUND(H85,0),"#,##0") & " (" & TEXT(ROUND(I85,0),"#,##0") & "-" & TEXT(ROUND(J85,0),"#,##0") & ")" -> 1,747 (1,203-2,323) | S85: =382398+393986 -> 776384 | T85: =TEXT(ROUND(K85,0),"#,##0") & " (" & TEXT(ROUND(L85,0),"#,##0") & "-" & TEXT(ROUND(M85,0),"#,##0") & ")" -> 1,736 (1,196-2,309)
A86: Cabo Verde | B86: 130.88218 | C86: 91.281928 | D86: 177.19433 | E86: =(B86/100000)*'Birth Pop per Year'!C86 -> 8.0819744 | F86: =(C86/100000)*'Birth Pop per Year'!G86 -> 5.6330078 | G86: =(D86/100000)*'Birth Pop per Year'!C86 -> 10.94175 | H86: =(B86/100000)*'Birth Pop per Year'!G86 -> 8.0767391 | I86: =(C86/100000)*'Birth Pop per Year'!G86 -> 5.6330078 | J86: =(D86/100000)*'Birth Pop per Year'!G86 -> 10.934662 | K86: =(B86/100000)*'Birth Pop per Year'!K86 -> 7.2927548 | L86: =(C86/100000)*'Birth Pop per Year'!K86 -> 5.086229 | M86: =(D86/100000)*'Birth Pop per Year'!K86 -> 9.8732681 | N86: =TEXT(ROUND(B86,0),"#,##0") & " (" & TEXT(ROUND(C86,0),"#,##0") & "-" & TEXT(ROUND(D86,0),"#,##0") & ")" -> 131 (91-177) | O86: =3039+3136 -> 6175 | P86: =TEXT(ROUND(E86,0),"#,##0") & " (" & TEXT(ROUND(F86,0),"#,##0") & "-" & TEXT(ROUND(G86,0),"#,##0") & ")" -> 8 (6-11) | Q86: =3036+3135 -> 6171 | R86: =TEXT(ROUND(H86,0),"#,##0") & " (" & TEXT(ROUND(I86,0),"#,##0") & "-" & TEXT(ROUND(J86,0),"#,##0") & ")" -> 8 (6-11) | S86: =2741+2831 -> 5572 | T86: =TEXT(ROUND(K86,0),"#,##0") & " (" & TEXT(ROUND(L86,0),"#,##0") & "-" & TEXT(ROUND(M86,0),"#,##0") & ")" -> 7 (5-10)
A87: Cameroon | B87: 116.93407 | C87: 81.463067 | D87: 162.62553 | E87: =(B87/100000)*'Birth Pop per Year'!C87 -> 1167.6218 | F87: =(C87/100000)*'Birth Pop per Year'!G87 -> 910.4402 | G87: =(D87/100000)*'Birth Pop per Year'!C87 -> 1623.8647 | H87: =(B87/100000)*'Birth Pop per Year'!G87 -> 1306.868 | I87: =(C87/100000)*'Birth Pop per Year'!G87 -> 910.4402 | J87: =(D87/100000)*'Birth Pop per Year'!G87 -> 1817.5208 | K87: =(B87/100000)*'Birth Pop per Year'!K87 -> 1403.7467 | L87: =(C87/100000)*'Birth Pop per Year'!K87 -> 977.93153 | M87: =(D87/100000)*'Birth Pop per Year'!K87 -> 1952.2545 | N87: =TEXT(ROUND(B87,0),"#,##0") & " (" & TEXT(ROUND(C87,0),"#,##0") & "-" & TEXT(ROUND(D87,0),"#,##0") & ")" -> 117 (81-163) | O87: =494252+504278 -> 998530 | P87: =TEXT(ROUND(E87,0),"#,##0") & " (" & TEXT(ROUND(F87,0),"#,##0") & "-" & TEXT(ROUND(G87,0),"#,##0") & ")" -> 1,168 (910-1,624) | Q87: =553423+564188 -> 1117611 | R87: =TEXT(ROUND(H87,0),"#,##0") & " (" & TEXT(ROUND(I87,0),"#,##0") & "-" & TEXT(ROUND(J87,0),"#,##0") & ")" -> 1,307 (910-1,818) | S87: =595513+604947 -> 1200460 | T87: =TEXT(ROUND(K87,0),"#,##0") & " (" & TEXT(ROUND(L87,0),"#,##0") & "-" & TEXT(ROUND(M87,0),"#,##0") & ")" -> 1,404 (978-1,952)
A88: Chad | B88: 190.60876 | C88: 132.98286 | D88: 255.62261 | E88: =(B88/100000)*'Birth Pop per Year'!C88 -> 1708.8762 | F88: =(C88/100000)*'Birth Pop per Year'!G88 -> 1322.3616 | G88: =(D88/100000)*'Birth Pop per Year'!C88 -> 2291.7487 | H88: =(B88/100000)*'Birth Pop per Year'!G88 -> 1895.385 | I88: =(C88/100000)*'Birth Pop per Year'!G88 -> 1322.3616 | J88: =(D88/100000)*'Birth Pop per Year'!G88 -> 2541.8728 | K88: =(B88/100000)*'Birth Pop per Year'!K88 -> 2101.9439 | L88: =(C88/100000)*'Birth Pop per Year'!K88 -> 1466.4725 | M88: =(D88/100000)*'Birth Pop per Year'!K88 -> 2818.8859 | N88: =TEXT(ROUND(B88,0),"#,##0") & " (" & TEXT(ROUND(C88,0),"#,##0") & "-" & TEXT(ROUND(D88,0),"#,##0") & ")" -> 191 (133-256) | O88: =441022+455514 -> 896536 | P88: =TEXT(ROUND(E88,0),"#,##0") & " (" & TEXT(ROUND(F88,0),"#,##0") & "-" & TEXT(ROUND(G88,0),"#,##0") & ")" -> 1,709 (1,322-2,292) | Q88: =489296+505089 -> 994385 | R88: =TEXT(ROUND(H88,0),"#,##0") & " (" & TEXT(ROUND(I88,0),"#,##0") & "-" & TEXT(ROUND(J88,0),"#,##0") & ")" -> 1,895 (1,322-2,542) | S88: =542748+560005 -> 1102753 | T88: =TEXT(ROUND(K88,0),"#,##0") & " (" & TEXT(ROUND(L88,0),"#,##0") & "-" & TEXT(ROUND(M88,0),"#,##0") & ")" -> 2,102 (1,466-2,819)
A89: Cote d'Ivoire | B89: 141.9297 | C89: 96.626244 | D89: 195.15333 | E89: =(B89/100000)*'Birth Pop per Year'!C89 -> 1474.8568 | F89: =(C89/100000)*'Birth Pop per Year'!G89 -> 1199.1607 | G89: =(D89/100000)*'Birth Pop per Year'!C89 -> 2027.928 | H89: =(B89/100000)*'Birth Pop per Year'!G89 -> 1761.3901 | I89: =(C89/100000)*'Birth Pop per Year'!G89 -> 1199.1607 | J89: =(D89/100000)*'Birth Pop per Year'!G89 -> 2421.9114 | K89: =(B89/100000)*'Birth Pop per Year'!K89 -> 1932.4551 | L89: =(C89/100000)*'Birth Pop per Year'!K89 -> 1315.6224 | M89: =(D89/100000)*'Birth Pop per Year'!K89 -> 2657.1258 | N89: =TEXT(ROUND(B89,0),"#,##0") & " (" & TEXT(ROUND(C89,0),"#,##0") & "-" & TEXT(ROUND(D89,0),"#,##0") & ")" -> 142 (97-195) | O89: =514543+524603 -> 1039146 | P89: =TEXT(ROUND(E89,0),"#,##0") & " (" & TEXT(ROUND(F89,0),"#,##0") & "-" & TEXT(ROUND(G89,0),"#,##0") & ")" -> 1,475 (1,199-2,028) | Q89: =614540+626490 -> 1241030 | R89: =TEXT(ROUND(H89,0),"#,##0") & " (" & TEXT(ROUND(I89,0),"#,##0") & "-" & TEXT(ROUND(J89,0),"#,##0") & ")" -> 1,761 (1,199-2,422) | S89: =674267+687291 -> 1361558 | T89: =TEXT(ROUND(K89,0),"#,##0") & " (" & TEXT(ROUND(L89,0),"#,##0") & "-" & TEXT(ROUND(M89,0),"#,##0") & ")" -> 1,932 (1,316-2,657)
A90: Gambia | B90: 138.46927 | C90: 97.95788 | D90: 187.61425 | E90: =(B90/100000)*'Birth Pop per Year'!C90 -> 112.06872 | F90: =(C90/100000)*'Birth Pop per Year'!G90 -> 81.326591 | G90: =(D90/100000)*'Birth Pop per Year'!C90 -> 151.84371 | H90: =(B90/100000)*'Birth Pop per Year'!G90 -> 114.95996 | I90: =(C90/100000)*'Birth Pop per Year'!G90 -> 81.326591 | J90: =(D90/100000)*'Birth Pop per Year'!G90 -> 155.7611 | K90: =(B90/100000)*'Birth Pop per Year'!K90 -> 114.60133 | L90: =(C90/100000)*'Birth Pop per Year'!K90 -> 81.07288 | M90: =(D90/100000)*'Birth Pop per Year'!K90 -> 155.27518 | N90: =TEXT(ROUND(B90,0),"#,##0") & " (" & TEXT(ROUND(C90,0),"#,##0") & "-" & TEXT(ROUND(D90,0),"#,##0") & ")" -> 138 (98-188) | O90: =39969+40965 -> 80934 | P90: =TEXT(ROUND(E90,0),"#,##0") & " (" & TEXT(ROUND(F90,0),"#,##0") & "-" & TEXT(ROUND(G90,0),"#,##0") & ")" -> 112 (81-152) | Q90: =41004+42018 -> 83022 | R90: =TEXT(ROUND(H90,0),"#,##0") & " (" & TEXT(ROUND(I90,0),"#,##0") & "-" & TEXT(ROUND(J90,0),"#,##0") & ")" -> 115 (81-156) | S90: =40878+41885 -> 82763 | T90: =TEXT(ROUND(K90,0),"#,##0") & " (" & TEXT(ROUND(L90,0),"#,##0") & "-" & TEXT(ROUND(M90,0),"#,##0") & ")" -> 115 (81-155)
A91: Ghana | B91: 134.73093 | C91: 92.746788 | D91: 187.78362 | E91: =(B91/100000)*'Birth Pop per Year'!C91 -> 1217.2185 | F91: =(C91/100000)*'Birth Pop per Year'!G91 -> 896.07495 | G91: =(D91/100000)*'Birth Pop per Year'!C91 -> 1696.5198 | H91: =(B91/100000)*'Birth Pop per Year'!G91 -> 1301.7056 | I91: =(C91/100000)*'Birth Pop per Year'!G91 -> 896.07495 | J91: =(D91/100000)*'Birth Pop per Year'!G91 -> 1814.2752 | K91: =(B91/100000)*'Birth Pop per Year'!K91 -> 1320.8387 | L91: =(C91/100000)*'Birth Pop per Year'!K91 -> 909.24592 | M91: =(D91/100000)*'Birth Pop per Year'!K91 -> 1840.9424 | N91: =TEXT(ROUND(B91,0),"#,##0") & " (" & TEXT(ROUND(C91,0),"#,##0") & "-" & TEXT(ROUND(D91,0),"#,##0") & ")" -> 135 (93-188) | O91: =444645+458799 -> 903444 | P91: =TEXT(ROUND(E91,0),"#,##0") & " (" & TEXT(ROUND(F91,0),"#,##0") & "-" & TEXT(ROUND(G91,0),"#,##0") & ")" -> 1,217 (896-1,697) | Q91: =475709+490443 -> 966152 | R91: =TEXT(ROUND(H91,0),"#,##0") & " (" & TEXT(ROUND(I91,0),"#,##0") & "-" & TEXT(ROUND(J91,0),"#,##0") & ")" -> 1,302 (896-1,814) | S91: =482758+497595 -> 980353 | T91: =TEXT(ROUND(K91,0),"#,##0") & " (" & TEXT(ROUND(L91,0),"#,##0") & "-" & TEXT(ROUND(M91,0),"#,##0") & ")" -> 1,321 (909-1,841)
